Price_x,Open_x,High_x,Low_x,Vol._x,Change %_x,dt,sentiment_balance,unique_social_volume_1h,miners_to_exchanges_flow,whale_transaction_count_more_than_100k_usd_5min,whale_transaction_count_more_than_1m_usd_5min,Price_y,Open_y,High_y,Low_y,Vol._y,Change %_y,5_day_ma,10_day_ma,20_day_ma,5_day_mv,10_day_mv,20_day_mv,Sell_Price
10620.5,10776.6,10913.7,10462.7,95330.0,-1.44,,,,,,,,,,,,,,,,,,,
10572.3,10619.6,10662.9,10387.6,77940.0,-0.45,2020-10-02,6.853748321533203,73.0,,246.0,12.0,10572.3,10619.6,10662.9,10387.6,77940.0,-0.45,10636.3,10850.01,11252.39,51274.0,56324.0,67001.5,
10544.2,10572.2,10597.8,10501.2,29100.0,-0.27,,,,,,,,,,,,,,,,,,,
10672.9,10544.4,10693.3,10520.8,31400.0,1.22,,,,,,,,,,,,,,,,,,,
10789.5,10672.5,10789.6,10623.4,48860.0,1.09,,,,,,,,,,,,,,,,,,,
10602.6,10790.2,10800.3,10530.8,69070.0,-1.73,,,,,,,,,,,,,,,,,,,
10670.9,10601.0,10680.1,10553.3,49270.0,0.64,,,,,,,,,,,,,,,,,,,
10924.1,10670.7,10948.6,10549.6,79780.0,2.37,2020-10-08,4.341233193874359,67.0,,443.0,35.0,10924.1,10670.7,10948.6,10549.6,79780.0,2.37,11236.320000000002,11321.29,11998.645,68324.0,63753.0,77534.0,
11054.2,10923.5,11103.0,10836.9,70950.0,1.19,,,,,,,,,,,,,,,,,,,
11298.4,11053.5,11475.0,11053.1,65810.0,2.21,,,,,,,,,,,,,,,,,,,
11371.0,11295.6,11439.4,11277.6,41060.0,0.64,,,,,,,,,,,,,,,,,,,
11533.9,11370.8,11715.9,11227.4,84020.0,1.43,,,,,,,,,,,,,,,,,,,
11423.8,11533.5,11558.0,11315.9,64670.0,-0.95,,,,,,,,,,,,,,,,,,,
11420.4,11424.4,11541.0,11293.5,59120.0,-0.03,,,,,,,,,,,,,,,,,,,
11503.0,11421.4,11590.9,11276.7,70840.0,0.72,,,,,,,,,,,,,,,,,,,
11322.0,11503.2,11542.2,11224.6,71420.0,-1.57,,,,,,,,,,,,,,,,,,,
11362.1,11321.8,11402.7,11274.4,29860.0,0.35,,,,,,,,,,,,,,,,,,,
11506.9,11362.1,11506.9,11349.8,31510.0,1.27,,,,,,,,,,,,,,,,,,,
11753.4,11507.1,11823.3,11413.9,73040.0,2.14,,,,,,,,,,,,,,,,,,,11753.4
11913.5,11753.9,12029.4,11685.7,94590.0,1.36,,,,,,,,,,,,,,,,,,,
12808.7,11913.6,13213.5,11894.6,197720.0,7.51,2020-10-21,11.861618101596832,70.0,,332.0,43.0,12808.7,11913.6,13213.5,11894.6,197720.0,7.51,12973.36,13188.22,13898.505,99180.0,107819.0,120688.0,12808.7
12974.6,12805.5,13183.9,12698.2,113310.0,1.3,,,,,,,,,,,,,,,,,,,
12934.1,12972.7,13025.5,12738.9,73940.0,-0.31,,,,,,,,,,,,,,,,,,,
13117.2,12933.6,13161.5,12876.4,51200.0,1.42,,,,,,,,,,,,,,,,,,,
13032.2,13117.0,13345.3,12900.4,59730.0,-0.65,,,,,,,,,,,,,,,,,,,
13061.6,13033.0,13229.7,12792.4,89470.0,0.23,,,,,,,,,,,,,,,,,,,
13657.8,13061.5,13782.3,13050.3,128639.99999999999,4.56,2020-10-27,19.99004304409027,65.0,,409.0,27.0,13657.8,13061.5,13782.3,13050.3,128640.0,4.56,13550.22,13882.45,14784.2,119114.0,122150.0,123109.0,
13278.9,13658.3,13851.7,12907.6,144180.0,-2.77,2020-10-28,20.94838792085648,128.0,,397.0,49.0,13278.9,13658.3,13851.7,12907.6,144180.0,-2.77,13570.54,14074.46,14937.1,103728.0,127899.0,122581.5,
13457.2,13278.3,13640.0,12982.9,111230.0,1.34,,,,,,,,,,,,,,,,,,,
13559.9,13457.0,13667.9,13134.5,108770.0,0.76,,,,,,,,,,,,,,,,,,,
13797.3,13560.2,14065.4,13441.7,102750.0,1.75,,,,,,,,,,,,,,,,,,,
13759.4,13795.5,13889.5,13628.7,51710.0,-0.27,,,,,,,,,,,,,,,,,,,
13561.4,13759.7,13828.4,13214.2,97760.0,-1.44,,,,,,,,,,,,,,,,,,,
14019.9,13560.5,14054.0,13294.6,108170.0,3.38,,,,,,,,,,,,,,,,,,,
14145.6,14023.0,14238.8,13544.4,140800.0,0.9,,,,,,,,,,,,,,,,,,,14145.6
15587.1,14145.6,15739.9,14099.7,227490.0,10.19,,,,,,,,,,,,,,,,,,,15587.1
15577.9,15593.9,15955.2,15223.5,186130.0,-0.06,,,,,,,,,,,,,,,,,,,
14828.4,15578.2,15754.4,14385.1,160730.0,-4.81,2020-11-07,16.858563721179962,90.0,4.29727742,480.0,62.0,14828.4,15578.2,15754.4,14385.1,160730.0,-4.81,15327.74,15799.740000000002,17021.515,126638.0,117264.0,142465.0,
15483.7,14826.6,15648.3,14720.7,94990.0,4.42,,,,,,,,,,,,,,,,,,,
15327.2,15483.3,15819.6,14816.9,165040.0,-1.01,2020-11-09,0.3724579215049743,78.0,34.88575081999999,380.0,50.0,15327.2,15483.3,15819.6,14816.9,165040.0,-1.01,15789.1,16312.22,17248.8,131352.0,132622.0,141379.0,
15303.6,15328.0,15465.3,15096.5,93360.0,-0.15,,,,,,,,,,,,,,,,,,,
15695.8,15303.1,15953.9,15281.0,119070.0,2.56,,,,,,,,,,,,,,,,,,,
16294.7,15695.8,16342.7,15483.5,165540.0,3.82,2020-11-12,8.40611320734024,105.0,37.28568069999943,358.0,45.0,16294.7,15695.8,16342.7,15483.5,165540.0,3.82,16271.74,17196.15,17765.185,107890.0,132802.0,146177.0,
16324.2,16293.0,16474.1,15973.4,113750.0,0.18,,,,,,,,,,,,,,,,,,,16324.2
16071.0,16323.1,16328.2,15717.7,83640.0,-1.55,,,,,,,,,,,,,,,,,,,
15953.0,16074.7,16158.1,15782.3,58430.0,-0.73,,,,,,,,,,,,,,,,,,,
16715.8,15954.1,16880.7,15870.7,118090.0,4.78,,,,,,,,,,,,,,,,,,,
17662.3,16715.8,17845.4,16562.0,175870.0,5.66,,,,,,,,,,,,,,,,,,,17662.3
17774.6,17662.3,18466.1,17258.9,233430.0,0.64,,,,,,,,,,,,,,,,,,,
17803.5,17775.1,18166.0,17380.1,135940.0,0.16,,,,,,,,,,,,,,,,,,,
18675.2,17805.5,18811.0,17758.4,134420.0,4.9,,,,,,,,,,,,,,,,,,,18675.2
18687.2,18673.8,18966.0,18397.5,108910.0,0.06,,,,,,,,,,,,,,,,,,,
18412.9,18689.3,18751.5,17644.6,121760.0,-1.47,,,,,,,,,,,,,,,,,,,
18379.6,18428.1,18756.8,18016.0,127350.0,-0.18,,,,,,,,,,,,,,,,,,,
19152.6,18394.6,19416.6,18074.8,180790.0,4.21,,,,,,,,,,,,,,,,,,,
18723.0,19151.5,19486.7,18527.7,146120.0,-2.24,,,,,,,,,,,,,,,,,,,
17162.0,18721.9,18894.9,16235.2,312070.0,-8.34,2020-11-26,34.32947063446045,194.0,0.0,450.0,46.0,17162.0,18721.9,18894.9,16235.2,312070.0,-8.34,17980.68,18513.08,18675.96,162156.0,138146.0,112264.5,
17127.1,17160.9,17450.3,16481.6,138800.0,-0.2,,,,,,,,,,,,,,,,,,,
17730.7,17142.6,17874.4,16874.4,95200.0,3.52,,,,,,,,,,,,,,,,,,,
18185.5,17729.7,18336.3,17530.4,79120.0,2.57,,,,,,,,,,,,,,,,,,,
19698.1,18186.0,19831.2,18186.0,185590.0,8.32,,,,,,,,,,,,,,,,,,,19698.1
18770.7,19697.8,19897.4,18257.0,208720.0,-4.71,,,,,,,,,,,,,,,,,,,
19218.8,18767.9,19335.5,18346.7,91920.0,2.39,,,,,,,,,,,,,,,,,,,
19433.3,19219.8,19596.6,18883.7,99970.0,1.12,,,,,,,,,,,,,,,,,,,
18658.1,19431.1,19529.5,18610.8,110630.0,-3.99,,,,,,,,,,,,,,,,,,,
19146.5,18657.5,19172.7,18507.1,59440.0,2.62,,,,,,,,,,,,,,,,,,,
19379.9,19146.0,19417.1,18873.0,54560.0,1.22,,,,,,,,,,,,,,,,,,,
19170.7,19368.4,19424.6,18908.8,61980.0,-1.08,,,,,,,,,,,,,,,,,,,
18326.6,19170.8,19288.6,18229.2,101410.0,-4.4,,,,,,,,,,,,,,,,,,,
18546.0,18322.4,18637.9,17658.8,129720.0,1.2,,,,,,,,,,,,,,,,,,,
18247.2,18546.1,18551.8,17926.8,85310.0,-1.61,,,,,,,,,,,,,,,,,,,
18023.6,18250.5,18288.3,17600.1,111530.0,-1.23,,,,,,,,,,,,,,,,,,,
18808.9,18026.7,18936.2,18025.1,71370.0,4.36,,,,,,,,,,,,,,,,,,,
19176.8,18808.1,19403.6,18716.8,82450.0,1.96,,,,,,,,,,,,,,,,,,,
19273.8,19176.4,19346.5,19007.0,67110.0,0.51,,,,,,,,,,,,,,,,,,,
19434.9,19273.9,19556.3,19076.2,98390.0,0.84,,,,,,,,,,,,,,,,,,,
21352.2,19434.7,21525.3,19299.7,199810.0,9.87,2020-12-16,21.54246860742569,85.0,,489.0,33.0,21352.2,19434.7,21525.3,19299.7,199810.0,9.87,22924.88,23286.01,26218.120000000003,178064.0,146122.0,157176.5,
22825.4,21352.3,23738.0,21243.1,310740.0,6.9,,,,,,,,,,,,,,,,,,,
23127.9,22823.3,23272.8,22361.5,131800.0,1.33,,,,,,,,,,,,,,,,,,,
23844.0,23127.6,24107.1,22797.0,133880.0,3.1,,,,,,,,,,,,,,,,,,,23844.0
23474.9,23843.6,24280.9,23098.9,114090.0,-1.55,,,,,,,,,,,,,,,,,,,
22728.5,23474.1,24101.9,22015.5,154690.0,-3.18,,,,,,,,,,,,,,,,,,,
23823.2,22730.4,23825.4,22388.6,130750.0,4.82,,,,,,,,,,,,,,,,,,,
23257.9,23820.8,24063.7,22694.7,178470.0,-2.37,2020-12-23,41.68772006034851,182.0,,534.0,51.0,23257.9,23820.8,24063.7,22694.7,178470.0,-2.37,24879.94,26601.15,31395.945,134492.0,131642.0,174679.5,
23736.5,23253.2,23783.7,22737.3,104590.0,2.06,,,,,,,,,,,,,,,,,,,
24689.6,23728.7,24778.9,23445.3,2400.0,4.02,,,,,,,,,,,,,,,,,,,
26454.4,24714.7,26826.0,24515.1,155770.0,7.15,,,,,,,,,,,,,,,,,,,26454.4
26261.3,26460.3,28360.3,25858.2,231230.0,-0.73,2020-12-27,29.67990666627884,219.0,,672.0,95.0,26261.3,26460.3,28360.3,25858.2,231230.0,-0.73,27702.640000000003,29903.94,33863.015,154858.0,172867.0,189752.0,
27057.8,26259.2,27444.9,26144.3,126980.0,3.03,,,,,,,,,,,,,,,,,,,
27376.0,27065.3,27390.7,25902.8,119570.0,1.18,,,,,,,,,,,,,,,,,,,
28868.7,27374.5,28979.3,27374.5,159820.0,5.45,,,,,,,,,,,,,,,,,,,
28949.4,28866.8,29298.8,28025.0,136690.0,0.28,,,,,,,,,,,,,,,,,,,28949.4
29359.9,28951.7,29627.1,28712.4,100900.0,1.42,,,,,,,,,,,,,,,,,,,
32193.3,29359.7,33233.5,29008.0,240870.0,9.65,,,,,,,,,,,,,,,,,,,
32958.9,32192.9,34755.9,32029.6,155210.0,2.38,,,,,,,,,,,,,,,,,,,
32022.6,33016.6,33587.5,28204.5,255270.0,-2.84,,,,,,,,,,,,,,,,,,,
33991.5,32015.4,34414.7,30010.5,202130.0,6.15,,,,,,,,,,,,,,,,,,,
36793.2,33999.3,36934.8,33408.3,227560.0,8.24,,,,,,,,,,,,,,,,,,,
39460.2,36798.5,40340.9,36361.2,249600.0,7.25,,,,,,,,,,,,,,,,,,,
40599.3,39466.4,41921.7,36613.4,251290.0,2.89,,,,,,,,,,,,,,,,,,,
40151.9,40607.2,41363.5,38775.1,128419.99999999999,-1.1,,,,,,,,,,,,,,,,,,,
38192.2,40149.7,41362.4,35141.6,215780.0,-4.88,,,,,,,,,,,,,,,,,,,
35544.3,38195.3,38217.2,30411.6,251040.0,-6.93,,,,,,,,,,,,,,,,,,,
34076.1,35426.0,36598.7,32572.7,241930.0,-4.13,,,,,,,,,,,,,,,,,,,
37382.2,34061.2,37764.6,32451.9,209930.0,9.7,,,,,,,,,,,,,,,,,,,
39175.7,37383.4,40054.3,36772.1,172400.0,4.8,,,,,,,,,,,,,,,,,,,
36845.8,39175.7,39715.0,34488.7,118420.0,-5.95,,,,,,,,,,,,,,,,,,,
36019.5,36751.8,37931.7,35408.4,137020.0,-2.24,,,,,,,,,,,,,,,,,,,
35839.6,36020.1,36801.3,33883.5,126820.0,-0.5,,,,,,,,,,,,,,,,,,,
36613.2,35838.2,37436.8,34801.0,111520.0,2.16,,,,,,,,,,,,,,,,,,,
36002.9,36630.6,37821.0,36001.4,79110.0,-1.67,,,,,,,,,,,,,,,,,,,
35476.3,35862.1,36384.4,33444.5,153610.0,-1.46,,,,,,,,,,,,,,,,,,,
30842.1,35472.3,35591.1,30101.8,253270.0,-13.06,,,,,,,,,,,,,,,,,,,
33000.5,30838.7,33821.2,28871.2,243090.0,7.0,,,,,,,,,,,,,,,,,,,
32088.9,32994.1,33441.4,31418.2,100700.0,-2.76,,,,,,,,,,,,,,,,,,,
32241.3,32088.5,33034.8,30982.9,88210.0,0.47,,,,,,,,,,,,,,,,,,,
32252.3,32244.3,34854.3,31967.4,142430.0,0.03,,,,,,,,,,,,,,,,,,,
32502.1,32244.1,32917.7,30850.0,139840.0,0.77,,,,,,,,,,,,,,,,,,,
30404.0,32499.6,32545.4,29290.4,194350.0,-6.46,2021-01-27,29.582643687725067,192.0,46.815453300000016,548.0,83.0,30404.0,32499.6,32545.4,29290.4,194350.0,-6.46,33094.36,34739.92,40117.990000000005,177992.0,152020.0,149718.0,
33374.8,30408.9,33790.8,29911.9,167390.0,9.77,2021-01-28,26.73054128885269,184.0,14.993357719999995,465.0,90.0,33374.8,30408.9,33790.8,29911.9,167390.0,9.77,33716.7,35625.18,41056.275,164386.0,148187.0,147069.0,
34301.8,33381.7,38546.0,31953.3,297730.0,2.78,2021-01-29,58.128271877765656,280.0,340.8900396299999,1062.0,201.0,34301.8,33381.7,38546.0,31953.3,297730.0,2.78,34138.78,36172.990000000005,41991.495,155078.0,143985.0,145701.0,34301.8
34283.1,34300.0,34920.9,32908.5,128570.0,-0.05,,,,,,,,,,,,,,,,,,,
33108.1,34281.6,34348.3,32189.9,101920.0,-3.43,,,,,,,,,,,,,,,,,,,
33515.7,33106.8,34685.6,32324.9,126320.0,1.23,,,,,,,,,,,,,,,,,,,
35485.2,33514.0,35976.1,33462.4,120850.0,5.88,,,,,,,,,,,,,,,,,,,
37646.8,35486.9,37646.8,35401.5,131030.0,6.09,,,,,,,,,,,,,,,,,,,37646.8
36982.1,37648.9,38707.9,36380.8,151440.0,-1.77,,,,,,,,,,,,,,,,,,,
38297.6,36976.4,38303.6,36640.0,100600.0,3.56,,,,,,,,,,,,,,,,,,,38297.6
39256.6,38300.6,40939.7,38275.3,156020.0,2.5,,,,,,,,,,,,,,,,,,,
38852.9,39228.9,39691.7,37381.6,125370.0,-1.03,,,,,,,,,,,,,,,,,,,
46395.7,38853.6,46596.4,38057.0,248470.0,19.41,,,,,,,,,,,,,,,,,,,
46508.6,46396.4,48143.5,45104.7,193870.0,0.24,2021-02-09,159.52855390310287,513.0,,2132.0,464.0,46508.6,46396.4,48143.5,45104.7,193870.0,0.24,46775.14,48328.65,49492.295,142924.0,132005.0,144741.0,
44836.0,46507.8,47295.3,43800.5,151830.0,-3.6,2021-02-10,58.39291208982468,224.0,,1011.0,209.0,44836.0,46507.8,47295.3,43800.5,151830.0,-3.6,47202.1,49268.45,49646.64,125450.0,126561.0,141923.5,
47990.7,44834.8,48622.1,44041.1,145770.0,7.04,2021-02-11,24.01383227109909,211.0,,1012.0,269.0,47990.7,44834.8,48622.1,44041.1,145770.0,7.04,47822.16,50377.22,49826.05,119720.0,124163.0,139437.0,
47371.7,47995.0,48927.4,46218.6,133730.0,-1.29,,,,,,,,,,,,,,,,,,,
47168.7,47373.1,48097.3,46270.5,89420.0,-0.43,,,,,,,,,,,,,,,,,,,
48643.4,47172.1,49695.1,47051.9,106500.0,3.13,,,,,,,,,,,,,,,,,,,
47936.3,48611.1,48936.5,45786.1,123180.0,-1.45,,,,,,,,,,,,,,,,,,,
49169.7,47934.2,50515.8,47044.4,141370.0,2.57,,,,,,,,,,,,,,,,,,,
52079.2,49161.3,52577.7,49018.1,140030.0,5.92,,,,,,,,,,,,,,,,,,,52079.2
51582.2,52094.5,52524.0,50941.6,94350.0,-0.95,,,,,,,,,,,,,,,,,,,
55906.6,51590.1,56238.5,50816.8,139430.0,8.38,,,,,,,,,,,,,,,,,,,55906.6
55923.7,55922.0,57523.8,54124.1,127850.0,0.03,,,,,,,,,,,,,,,,,,,
57433.8,55907.6,58335.1,55502.7,87260.0,2.7,,,,,,,,,,,,,,,,,,,
54111.8,57437.6,57480.8,48353.8,244950.0,-5.78,,,,,,,,,,,,,,,,,,,
48911.2,54114.1,54115.0,45093.8,315070.0,-9.61,,,,,,,,,,,,,,,,,,,
49697.5,48911.1,51311.8,47031.7,153750.0,1.61,,,,,,,,,,,,,,,,,,,
46928.5,49695.9,52013.8,46773.7,83220.0,-5.57,,,,,,,,,,,,,,,,,,,
46345.6,46928.5,48413.9,44248.2,189410.0,-1.24,2021-02-26,42.483193933963776,255.0,,1280.0,272.0,46345.6,46928.5,48413.9,44248.2,189410.0,-1.24,47133.2,48311.95,52656.475,132572.0,98056.0,106486.0,
46136.7,46333.1,48335.1,45059.4,98750.0,-0.45,,,,,,,,,,,,,,,,,,,
45164.0,46136.0,46582.0,43100.6,135080.0,-2.11,,,,,,,,,,,,,,,,,,,
49595.5,45160.5,49774.0,45008.8,137520.0,9.81,,,,,,,,,,,,,,,,,,,
48424.2,49595.6,50191.9,47100.6,102100.0,-2.36,2021-03-02,50.60972142219544,253.0,,656.0,170.0,48424.2,49595.6,50191.9,47100.6,102100.0,-2.36,48979.08,51671.91,54855.44499999999,67378.0,87259.0,95043.0,
50395.1,48422.2,52567.9,48159.2,44930.0,4.07,,,,,,,,,,,,,,,,,,,
48428.0,50388.0,51757.7,47521.8,9560.0,-3.9,,,,,,,,,,,,,,,,,,,
48792.5,48363.6,49429.4,46370.1,113640.0,0.75,,,,,,,,,,,,,,,,,,,
48855.6,48798.7,49191.8,47132.8,66660.0,0.13,,,,,,,,,,,,,,,,,,,
50982.3,48899.0,51434.1,48890.6,82910.0,4.35,,,,,,,,,,,,,,,,,,,50982.3
52311.0,50988.9,52384.9,49338.1,68140.0,2.61,,,,,,,,,,,,,,,,,,,
54879.0,52352.4,54880.6,51941.3,114060.0,4.91,,,,,,,,,,,,,,,,,,,54879.0
55851.9,54882.7,57328.7,53073.6,140960.0,1.77,,,,,,,,,,,,,,,,,,,
57799.5,55851.2,58135.0,54351.8,129630.0,3.49,,,,,,,,,,,,,,,,,,,
57265.1,57806.2,58052.3,55134.5,116960.0,-0.92,,,,,,,,,,,,,,,,,,,
61195.3,57267.4,61795.8,56118.8,134640.0,6.86,,,,,,,,,,,,,,,,,,,
59113.7,61192.7,61673.7,59113.7,80290.0,-3.4,,,,,,,,,,,,,,,,,,,
55791.3,59117.4,60565.9,55088.8,117710.0,-5.62,,,,,,,,,,,,,,,,,,,
56889.7,55619.5,56889.7,53342.6,128509.99999999999,1.97,,,,,,,,,,,,,,,,,,,
58913.5,56892.9,58933.2,54253.2,118260.0,3.56,,,,,,,,,,,,,,,,,,,
57656.0,58911.8,60088.0,57099.6,102620.0,-2.13,,,,,,,,,,,,,,,,,,,
58088.0,57645.0,59448.3,56305.1,83980.0,0.75,,,,,,,,,,,,,,,,,,,
58093.4,58084.1,59882.1,57863.0,67830.0,0.01,,,,,,,,,,,,,,,,,,,
57383.8,58097.4,58583.8,55583.3,77470.0,-1.22,,,,,,,,,,,,,,,,,,,
54158.3,57379.3,58379.9,53784.2,95530.0,-5.62,,,,,,,,,,,,,,,,,,,
54452.5,54117.5,55813.8,52992.3,84840.0,0.54,,,,,,,,,,,,,,,,,,,
52325.4,54309.1,57169.4,51725.4,137910.0,-3.91,2021-03-24,25.8910071849823,161.0,0.0,743.0,149.0,52325.4,54309.1,57169.4,51725.4,137910.0,-3.91,54062.380000000005,56315.87000000001,57357.19499999999,102828.0,94773.0,84172.5,
51322.3,52330.0,53175.4,50441.3,143350.0,-1.92,2021-03-25,22.1225575208664,158.0,116.84595707999992,852.0,212.0,51322.3,52330.0,53175.4,50441.3,143350.0,-1.92,55120.54,56789.31999999999,57917.97000000001,96828.0,87856.0,83605.0,
55036.1,51317.4,55074.1,51302.0,100300.0,7.24,2021-03-26,22.176003217697144,192.0,12.03752481000015,1023.0,184.0,55036.1,51317.4,55074.1,51302.0,100300.0,7.24,56610.34,57477.08,58500.875,85400.0,79242.0,82959.0,
55862.9,55033.8,56531.1,54010.2,73870.0,1.5,,,,,,,,,,,,,,,,,,,
55765.2,55856.9,56504.2,54711.3,58710.0,-0.17,,,,,,,,,,,,,,,,,,,
57616.2,55764.7,58392.6,54951.1,107910.0,3.32,,,,,,,,,,,,,,,,,,,57616.2
58771.3,57614.6,59366.9,57077.1,86210.0,2.0,,,,,,,,,,,,,,,,,,,
58763.7,58771.4,59795.6,56991.6,98060.0,-0.01,,,,,,,,,,,,,,,,,,,
58718.3,58763.2,59406.5,58040.7,69040.0,-0.08,,,,,,,,,,,,,,,,,,,
58977.3,58718.2,60134.9,58466.5,72370.0,0.44,,,,,,,,,,,,,,,,,,,
57059.9,58976.8,59770.5,56906.7,68740.0,-3.25,,,,,,,,,,,,,,,,,,,
58199.9,57059.7,58464.8,56470.6,57210.0,2.0,,,,,,,,,,,,,,,,,,,
58993.4,58202.3,59205.1,56842.7,54130.0,1.36,,,,,,,,,,,,,,,,,,,
57996.3,59169.0,59487.0,57403.3,77150.0,-1.69,,,,,,,,,,,,,,,,,,,
55948.7,57996.3,58627.7,55489.3,110690.0,-3.53,,,,,,,,,,,,,,,,,,,
58077.4,55948.0,58136.7,55721.6,64780.0,3.8,,,,,,,,,,,,,,,,,,,
58118.7,58076.8,58890.9,57686.0,59220.0,0.07,,,,,,,,,,,,,,,,,,,
59748.4,58127.4,61229.0,57900.0,103720.0,2.8,,,,,,,,,,,,,,,,,,,
59978.7,59772.4,60667.1,59250.3,58200.0,0.39,,,,,,,,,,,,,,,,,,,
59863.8,59982.1,61259.9,59569.2,81880.0,-0.19,,,,,,,,,,,,,,,,,,,
63540.9,59863.6,63659.0,59839.4,126560.0,6.14,,,,,,,,,,,,,,,,,,,63540.9
62980.4,63544.2,64778.0,61366.3,130430.0,-0.88,,,,,,,,,,,,,,,,,,,
63216.0,62978.6,63729.1,62067.5,76970.0,0.37,,,,,,,,,,,,,,,,,,,
61379.7,63211.6,63518.5,60027.3,136850.0,-2.9,,,,,,,,,,,,,,,,,,,
60041.9,61358.3,62509.1,59672.1,84080.0,-2.18,,,,,,,,,,,,,,,,,,,
56207.1,60043.2,60362.1,51817.6,216810.0,-6.39,,,,,,,,,,,,,,,,,,,
55646.1,56208.1,57517.0,54272.3,117510.0,-1.0,,,,,,,,,,,,,,,,,,,
56483.2,55645.1,57054.9,53422.5,115490.0,1.5,,,,,,,,,,,,,,,,,,,
53820.2,56479.5,56764.4,53657.6,100260.0,-4.71,,,,,,,,,,,,,,,,,,,
51729.5,53821.3,55408.4,50590.9,168130.0,-3.88,,,,,,,,,,,,,,,,,,,
51143.6,51707.1,52099.9,47659.4,214460.0,-1.13,,,,,,,,,,,,,,,,,,,
50088.9,51140.8,51183.0,48775.2,82250.0,-2.06,,,,,,,,,,,,,,,,,,,
48963.6,50088.2,50532.4,47098.5,59200.0,-2.25,,,,,,,,,,,,,,,,,,,
54020.5,48963.5,54320.9,48815.9,129759.99999999999,10.33,,,,,,,,,,,,,,,,,,,
55036.5,54011.1,55427.8,53345.0,84080.0,1.88,,,,,,,,,,,,,,,,,,,
54841.4,55036.0,56419.9,53876.4,86960.0,-0.35,,,,,,,,,,,,,,,,,,,
53560.8,54838.6,55173.7,52400.0,83900.0,-2.34,,,,,,,,,,,,,,,,,,,
57720.3,53562.3,57925.6,53088.7,103740.0,7.77,,,,,,,,,,,,,,,,,,,
57807.1,57719.1,58449.4,57029.5,63410.0,0.15,,,,,,,,,,,,,,,,,,,
56603.8,57807.2,57868.4,56110.5,53610.0,-2.08,,,,,,,,,,,,,,,,,,,
57169.8,56605.8,58925.1,56562.4,89240.0,1.0,,,,,,,,,,,,,,,,,,,
53741.5,57170.6,57201.3,53741.5,132330.0,-6.0,,,,,,,,,,,,,,,,,,,
57441.3,53872.5,57936.4,53872.5,119820.0,6.88,,,,,,,,,,,,,,,,,,,
56405.4,57441.0,58364.9,55294.5,109020.0,-1.8,,,,,,,,,,,,,,,,,,,
57337.2,56411.4,58639.3,55300.1,110010.0,1.65,,,,,,,,,,,,,,,,,,,
58840.1,57330.3,59471.1,56972.2,101270.0,2.62,,,,,,,,,,,,,,,,,,,
58238.3,58840.6,59227.0,56414.4,103590.0,-1.02,,,,,,,,,,,,,,,,,,,
55848.9,58251.2,59523.9,53678.3,142610.0,-4.1,,,,,,,,,,,,,,,,,,,
56695.7,55846.1,56871.1,54550.4,96470.0,1.52,,,,,,,,,,,,,,,,,,,
49384.2,56694.5,57938.5,49187.0,160740.0,-12.9,,,,,,,,,,,,,,,,,,,
49704.6,49398.2,51337.3,46331.1,236710.0,0.65,,,,,,,,,,,,,,,,,,,
49839.8,49704.9,51459.2,48874.0,118840.0,0.27,,,,,,,,,,,,,,,,,,,
46708.8,49839.1,50640.9,46650.2,131910.0,-6.28,,,,,,,,,,,,,,,,,,,
46426.4,46729.3,49764.3,43920.8,180070.0,-0.6,,,,,,,,,,,,,,,,,,,
43541.3,46424.2,46545.4,42201.5,274760.0,-6.21,,,,,,,,,,,,,,,,,,,
42897.3,43538.5,45770.9,42293.9,154960.0,-1.48,,,,,,,,,,,,,,,,,,,
36720.5,42898.3,43516.6,30261.7,607100.0,-14.4,,,,,,,,,,,,,,,,,,,
40717.2,36706.8,42425.9,35010.4,269750.0,10.88,,,,,,,,,,,,,,,,,,,
37297.4,40611.2,42108.3,33592.3,315500.0,-8.4,,,,,,,,,,,,,,,,,,,
37448.3,37291.0,38776.0,35314.9,185830.0,0.4,,,,,,,,,,,,,,,,,,,
34679.7,37446.8,38248.7,31192.4,325730.0,-7.39,,,,,,,,,,,,,,,,,,,
38750.6,34720.3,39851.7,34474.6,244880.0,11.74,,,,,,,,,,,,,,,,,,,
38378.3,38753.6,39740.8,36540.7,163010.0,-0.96,,,,,,,,,,,,,,,,,,,
39249.2,38375.7,40750.0,37847.0,153800.0,2.27,,,,,,,,,,,,,,,,,,,
38417.3,39249.0,40322.2,37190.8,122930.0,-2.12,,,,,,,,,,,,,,,,,,,
35662.5,38543.2,38844.1,34772.4,199580.0,-7.17,,,,,,,,,,,,,,,,,,,
34584.6,35664.5,37227.1,33664.2,160430.0,-3.02,,,,,,,,,,,,,,,,,,,
35652.8,34589.3,36388.6,33441.0,104180.0,3.09,,,,,,,,,,,,,,,,,,,
37298.6,35644.0,37480.7,34213.2,131700.0,4.62,,,,,,,,,,,,,,,,,,,
36687.6,37294.3,37850.3,35742.7,113480.0,-1.64,,,,,,,,,,,,,,,,,,,
37555.8,36687.7,38199.9,35981.1,96890.0,2.37,,,,,,,,,,,,,,,,,,,
39187.3,37555.7,39462.3,37193.6,106440.0,4.34,,,,,,,,,,,,,,,,,,,
36851.3,39191.4,39255.4,35659.9,127710.0,-5.96,,,,,,,,,,,,,,,,,,,
35520.0,36841.2,37887.6,34832.0,101480.0,-3.61,,,,,,,,,,,,,,,,,,,
35815.4,35518.7,36434.0,35265.3,62200.0,0.83,,,,,,,,,,,,,,,,,,,
33578.0,35815.4,36754.6,33410.1,119500.0,-6.25,,,,,,,,,,,,,,,,,,,
33382.9,33574.6,34047.8,31158.1,193540.0,-0.58,,,,,,,,,,,,,,,,,,,
37332.2,33385.5,37517.6,32428.6,209820.0,11.83,,,,,,,,,,,,,,,,,,,
36649.4,37375.2,38340.8,35824.0,154320.0,-1.83,,,,,,,,,,,,,,,,,,,
37314.6,36654.3,37641.1,36003.3,109150.0,1.81,,,,,,,,,,,,,,,,,,,
35467.5,37334.4,37437.3,34703.3,87730.0,-4.95,,,,,,,,,,,,,,,,,,,
39022.9,35467.5,39321.6,34827.0,123320.0,10.02,,,,,,,,,,,,,,,,,,,
40529.4,39024.1,40970.4,38769.9,157350.0,3.86,,,,,,,,,,,,,,,,,,,
40156.1,40522.5,41318.0,39589.9,117550.0,-0.92,,,,,,,,,,,,,,,,,,,
38336.0,40148.1,40494.4,38156.4,123520.0,-4.53,,,,,,,,,,,,,,,,,,,
38052.0,38337.8,39529.9,37425.3,109580.0,-0.74,,,,,,,,,,,,,,,,,,,
35749.4,38045.5,38166.0,35198.5,102840.0,-6.05,,,,,,,,,,,,,,,,,,,
35513.4,35770.0,36357.3,34845.5,105460.0,-0.66,,,,,,,,,,,,,,,,,,,
35595.8,35510.9,36097.9,33378.0,137480.0,0.23,,,,,,,,,,,,,,,,,,,
31692.0,35597.9,35708.4,31284.1,256870.0,-10.97,,,,,,,,,,,,,,,,,,,
32496.4,31682.7,33272.5,28901.8,309650.0,2.54,,,,,,,,,,,,,,,,,,,
33674.3,32498.3,34784.3,31736.5,173340.0,3.62,,,,,,,,,,,,,,,,,,,
34665.8,33678.1,35249.9,32356.7,119250.0,2.94,,,,,,,,,,,,,,,,,,,
31594.0,34660.5,35490.9,31337.9,193430.0,-8.86,,,,,,,,,,,,,,,,,,,
32243.4,31592.1,32643.0,30206.9,156670.0,2.06,,,,,,,,,,,,,,,,,,,
34678.5,32247.1,34685.5,32041.7,148800.0,7.55,,,,,,,,,,,,,,,,,,,
34475.9,34682.2,35231.2,33944.9,112000.0,-0.58,,,,,,,,,,,,,,,,,,,
35834.7,34477.3,36590.3,34247.6,97270.0,3.94,,,,,,,,,,,,,,,,,,,
35026.9,35832.6,36089.5,34126.6,107070.0,-2.25,,,,,,,,,,,,,,,,,,,
33543.6,35030.7,35032.7,32839.2,27410.0,-4.23,,,,,,,,,,,,,,,,,,,
33813.4,33542.2,33925.9,32734.6,78930.0,0.8,,,,,,,,,,,,,,,,,,,
34742.8,33814.2,34909.8,33363.3,55690.0,2.75,,,,,,,,,,,,,,,,,,,
35298.2,34742.8,35957.6,34740.1,56130.0,1.6,,,,,,,,,,,,,,,,,,,
33687.8,35297.0,35300.5,33164.1,88360.0,-4.56,,,,,,,,,,,,,,,,,,,
34225.6,33688.5,35062.0,33581.7,83630.0,1.6,,,,,,,,,,,,,,,,,,,
33867.8,34228.7,35036.6,33801.3,72030.0,-1.05,,,,,,,,,,,,,,,,,,,
32866.3,33859.4,33923.2,32146.9,108090.0,-2.96,,,,,,,,,,,,,,,,,,,
33797.4,32866.3,34079.2,32367.0,67140.0,2.83,,,,,,,,,,,,,,,,,,,
33510.6,33797.7,34221.0,33056.8,50940.0,-0.85,,,,,,,,,,,,,,,,,,,
34227.7,33510.8,34580.6,33319.8,35720.0,2.14,,,,,,,,,,,,,,,,,,,
33113.0,34228.3,34598.0,32662.8,63240.0,-3.26,,,,,,,,,,,,,,,,,,,
32728.1,33106.1,33307.7,32259.5,60040.0,-1.16,,,,,,,,,,,,,,,,,,,
32820.7,32727.8,33051.9,31611.2,69560.0,0.28,,,,,,,,,,,,,,,,,,,
31840.5,32820.5,33157.0,31175.8,76950.0,-2.99,,,,,,,,,,,,,,,,,,,
31394.0,31842.3,32239.8,31062.2,70480.0,-1.4,,,,,,,,,,,,,,,,,,,
31518.6,31384.4,31914.8,31207.8,58060.0,0.4,,,,,,,,,,,,,,,,,,,
31785.4,31517.9,32408.2,31220.6,57010.0,0.85,,,,,,,,,,,,,,,,,,,
30837.2,31782.9,31887.0,30478.2,77480.0,-2.98,,,,,,,,,,,,,,,,,,,
29793.8,30835.4,31040.8,29310.2,97460.0,-3.38,,,,,,,,,,,,,,,,,,,
32131.4,29794.7,32794.6,29519.3,118340.0,7.85,2021-07-21,30.164901614189148,127.0,6.36013936,704.0,102.0,32131.4,29794.7,32794.6,29519.3,118340.0,7.85,33449.90000000001,36618.61,39150.38,76320.0,98214.0,91955.5,
32298.9,32131.7,32585.4,31729.4,64870.00000000001,0.52,,,,,,,,,,,,,,,,,,,
33603.3,32297.9,33605.6,32041.1,66150.0,4.04,,,,,,,,,,,,,,,,,,,
33824.8,33600.5,33955.0,33412.9,67140.0,0.66,,,,,,,,,,,,,,,,,,,
35391.1,34392.5,35391.1,33881.3,65099.99999999999,4.63,,,,,,,,,,,,,,,,,,,35391.1
37276.6,35392.3,40522.9,35236.7,177630.0,5.33,,,,,,,,,,,,,,,,,,,
39452.0,37294.3,39455.9,36427.4,100240.0,5.84,,,,,,,,,,,,,,,,,,,
40003.2,39450.4,40862.2,38883.8,148920.0,1.4,,,,,,,,,,,,,,,,,,,
40001.4,40009.0,40630.7,39340.8,75300.0,-0.0,,,,,,,,,,,,,,,,,,,
42203.4,40001.1,42264.4,38358.4,98450.0,5.5,,,,,,,,,,,,,,,,,,,
41553.7,42201.4,42285.3,41066.4,44650.0,-1.54,,,,,,,,,,,,,,,,,,,
39878.3,41510.0,42565.0,39556.5,80330.0,-4.03,,,,,,,,,,,,,,,,,,,
39168.4,39869.8,40449.0,38692.5,74810.0,-1.78,,,,,,,,,,,,,,,,,,,
38130.3,39167.4,39766.6,37688.2,260.0,-2.65,,,,,,,,,,,,,,,,,,,
39736.9,38188.4,39956.5,37556.0,79220.0,4.21,,,,,,,,,,,,,,,,,,,
40867.2,39734.4,41366.3,37365.4,130600.0,2.84,,,,,,,,,,,,,,,,,,,
42795.4,40868.4,43253.4,39905.4,111930.0,4.72,,,,,,,,,,,,,,,,,,,
44614.2,42784.7,44697.3,42611.0,112840.0,4.25,,,,,,,,,,,,,,,,,,,
43792.8,44584.9,45284.1,43314.4,105250.0,-1.84,2021-08-08,39.25194066762924,153.0,50.54852075000002,474.0,99.0,43792.8,44584.9,45284.1,43314.4,105250.0,-1.84,45127.72000000001,45820.84,46964.36,91876.0,74360.0,67201.0,
46284.3,43794.9,46460.7,42824.1,117080.0,5.69,2021-08-09,57.6137278676033,155.0,25.900763480000023,183.0,40.0,46284.3,43794.9,46460.7,42824.1,117080.0,5.69,45930.98,45913.94,47219.575,85880.0,66071.0,63775.0,
45593.8,46281.8,46663.4,44681.2,80550.0,-1.49,2021-08-10,71.60742354393005,198.0,19.15902360999978,527.0,138.0,45593.8,46281.8,46663.4,44681.2,80550.0,-1.49,46090.42,45961.1,47344.23,75322.0,62155.0,60302.0,
45564.3,45593.2,46736.5,45367.9,75430.0,-0.06,,,,,,,,,,,,,,,,,,,
44403.4,45562.3,46213.8,43814.7,81070.0,-2.55,,,,,,,,,,,,,,,,,,,
47809.1,44404.0,47836.0,44242.4,75270.0,7.67,,,,,,,,,,,,,,,,,,,
47081.5,47809.6,48090.9,46117.2,64290.00000000001,-1.52,,,,,,,,,,,,,,,,,,,
46991.3,47082.6,47344.1,45564.1,58110.0,-0.19,,,,,,,,,,,,,,,,,,,
45996.3,46991.6,48002.4,45672.1,2410.0,-2.12,,,,,,,,,,,,,,,,,,,
44691.6,45907.5,47140.6,44441.3,84140.0,-2.84,,,,,,,,,,,,,,,,,,,
44723.8,44691.1,46004.9,44230.0,22360.0,0.07,,,,,,,,,,,,,,,,,,,
46755.9,44725.9,47012.3,43986.7,77920.0,4.54,,,,,,,,,,,,,,,,,,,
49324.0,46756.7,49343.3,46646.8,83190.0,5.49,,,,,,,,,,,,,,,,,,,49324.0
48875.8,49330.0,49719.1,48293.5,18200.0,-0.91,,,,,,,,,,,,,,,,,,,
49254.5,48870.4,49480.3,48151.0,49320.0,0.77,,,,,,,,,,,,,,,,,,,
49539.7,49255.4,50498.8,49038.6,75370.0,0.58,,,,,,,,,,,,,,,,,,,
47714.7,49532.5,49847.4,47623.6,74260.0,-3.68,,,,,,,,,,,,,,,,,,,
48994.5,47707.4,49230.2,47163.3,63540.0,2.68,,,,,,,,,,,,,,,,,,,
46831.6,48994.4,49347.8,46360.4,73790.0,-4.41,,,,,,,,,,,,,,,,,,,
49064.3,46830.2,49142.0,46371.5,62470.0,4.77,,,,,,,,,,,,,,,,,,,
48897.1,49062.8,49289.4,48428.5,36730.0,-0.34,,,,,,,,,,,,,,,,,,,
48777.4,48899.7,49621.7,47870.1,47620.0,-0.24,,,,,,,,,,,,,,,,,,,
46992.7,48777.1,48886.0,46876.9,61680.0,-3.66,,,,,,,,,,,,,,,,,,,
47130.4,46989.1,48217.0,46709.3,71480.0,0.29,,,,,,,,,,,,,,,,,,,
48819.4,47129.2,49121.0,46533.1,74380.0,3.58,,,,,,,,,,,,,,,,,,,
49274.3,48817.8,50355.3,48612.9,80210.0,0.93,,,,,,,,,,,,,,,,,,,
49999.0,49269.5,51008.8,48377.3,88080.0,1.47,,,,,,,,,,,,,,,,,,,
49918.4,49999.3,50534.6,49461.4,48140.0,-0.16,,,,,,,,,,,,,,,,,,,
51768.6,49918.7,51878.2,49492.4,57300.0,3.71,,,,,,,,,,,,,,,,,,,51768.6
52672.1,51769.4,52726.2,51002.8,69460.0,1.75,,,,,,,,,,,,,,,,,,,
46779.6,52674.2,52885.3,43072.4,187560.0,-11.19,,,,,,,,,,,,,,,,,,,
46061.4,46774.1,47316.9,44493.7,100480.0,-1.54,,,,,,,,,,,,,,,,,,,
46385.6,46057.6,47305.7,45609.0,73630.0,0.7,,,,,,,,,,,,,,,,,,,
44842.8,46385.9,47021.6,44283.6,75620.0,-3.33,,,,,,,,,,,,,,,,,,,
45161.9,44844.9,45975.6,44766.6,41580.0,0.71,,,,,,,,,,,,,,,,,,,
46062.3,45162.6,46386.4,44755.2,44520.0,1.99,,,,,,,,,,,,,,,,,,,
44949.5,46060.8,46807.7,43463.2,96150.0,-2.42,,,,,,,,,,,,,,,,,,,
47077.5,44950.2,47247.6,44718.7,65330.0,4.73,,,,,,,,,,,,,,,,,,,
48130.6,47070.8,48436.5,46743.9,63400.0,2.24,,,,,,,,,,,,,,,,,,,
47748.0,48132.3,48480.6,47040.3,60910.0,-0.8,,,,,,,,,,,,,,,,,,,
47282.8,47748.2,48155.9,46788.8,50160.0,-0.97,,,,,,,,,,,,,,,,,,,
48306.7,47283.9,48761.0,47070.5,43640.0,2.17,,,,,,,,,,,,,,,,,,,
47238.7,48299.9,48341.9,46866.6,41980.0,-2.21,,,,,,,,,,,,,,,,,,,
42870.6,47240.8,47323.9,42547.1,77960.0,-9.25,,,,,,,,,,,,,,,,,,,
40651.3,43012.3,43619.3,39646.8,142550.0,-5.18,,,,,,,,,,,,,,,,,,,
43551.6,40660.8,43976.7,40585.7,93980.0,7.13,,,,,,,,,,,,,,,,,,,
44869.2,43550.7,44949.8,43090.1,74540.0,3.03,,,,,,,,,,,,,,,,,,,
42819.9,44867.4,45112.0,40908.5,128880.0,-4.57,,,,,,,,,,,,,,,,,,,
42686.8,42818.7,42959.3,41714.5,46350.0,-0.31,,,,,,,,,,,,,,,,,,,
43203.4,42685.8,43907.3,40786.6,69910.0,1.21,,,,,,,,,,,,,,,,,,,
42172.6,43200.9,44293.2,42143.9,54120.0,-2.39,,,,,,,,,,,,,,,,,,,
41022.3,42169.9,42758.8,40906.4,60010.0,-2.73,,,,,,,,,,,,,,,,,,,
41536.8,41023.1,42571.2,40815.0,48210.0,1.25,,,,,,,,,,,,,,,,,,,
43823.3,41534.5,44101.2,41416.7,64319.99999999999,5.5,,,,,,,,,,,,,,,,,,,
48146.0,43824.4,48435.2,43292.9,94660.0,9.86,2021-10-01,14.628606379032137,97.0,12.712908570000002,432.0,105.0,48146.0,43824.4,48435.2,43292.9,94660.0,9.86,48941.92,51736.16,56097.78500000001,64088.0,74551.0,74632.0,
47666.9,48147.2,48306.9,47451.7,39820.0,-1.0,,,,,,,,,,,,,,,,,,,
48200.1,47665.4,49165.2,47123.0,42410.0,1.12,,,,,,,,,,,,,,,,,,,
49227.3,48200.4,49481.7,46958.6,66920.0,2.13,,,,,,,,,,,,,,,,,,,
51469.3,49229.5,51872.4,49060.1,76630.0,4.55,,,,,,,,,,,,,,,,,,,
55323.2,51470.0,55676.1,50439.5,116260.0,7.49,2021-10-06,74.43386882543564,145.0,89.24670446999876,802.0,183.0,55323.2,51470.0,55676.1,50439.5,116260.0,7.49,54530.4,56254.36,59269.630000000005,85014.0,82870.0,74202.5,55323.2
53783.9,55325.2,55325.6,53476.4,75680.0,-2.78,,,,,,,,,,,,,,,,,,,
53914.7,53785.5,55977.9,53659.3,64050.0,0.24,,,,,,,,,,,,,,,,,,,
54942.5,53924.1,55430.8,53711.7,64650.00000000001,1.91,,,,,,,,,,,,,,,,,,,
54687.7,54942.5,56432.2,54100.8,104430.0,-0.46,2021-10-10,56.28107696771622,111.0,0.0,286.0,49.0,54687.7,54942.5,56432.2,54100.8,104430.0,-0.46,56581.36,59330.27,60450.125,77316.0,77169.0,73025.5,
57477.3,54686.9,57814.1,54457.8,73840.0,5.1,,,,,,,,,,,,,,,,,,,
56015.9,57480.6,57635.7,54155.4,74850.0,-2.54,,,,,,,,,,,,,,,,,,,
57380.1,56014.5,57697.4,54314.4,73620.0,2.44,,,,,,,,,,,,,,,,,,,
57345.8,57370.4,58506.5,56866.8,59840.0,-0.06,,,,,,,,,,,,,,,,,,,
61672.5,57348.2,62892.8,56874.8,121480.0,7.54,,,,,,,,,,,,,,,,,,,61672.5
60861.1,61669.2,62329.2,60161.9,49930.0,-1.32,,,,,,,,,,,,,,,,,,,
61527.5,60865.5,61651.4,59143.4,53390.0,1.09,,,,,,,,,,,,,,,,,,,
62056.3,61525.8,62623.6,60026.9,80150.0,0.86,,,,,,,,,,,,,,,,,,,
64278.5,62030.2,64454.0,61451.0,80160.0,3.58,,,,,,,,,,,,,,,,,,,
65979.1,64276.9,66967.1,63543.7,79870.0,2.65,,,,,,,,,,,,,,,,,,,
62210.2,66004.6,66616.9,62092.1,105380.0,-5.71,,,,,,,,,,,,,,,,,,,
60690.3,62200.8,63699.7,60055.7,75690.0,-2.44,,,,,,,,,,,,,,,,,,,
61312.5,60693.2,61728.7,59738.3,37050.0,1.03,,,,,,,,,,,,,,,,,,,
60866.5,61308.2,61469.9,59523.7,42670.0,-0.73,,,,,,,,,,,,,,,,,,,
63067.0,60864.3,63694.8,60655.8,51060.0,3.62,,,,,,,,,,,,,,,,,,,
60310.8,63067.5,63275.1,59907.3,57130.0,-4.37,,,,,,,,,,,,,,,,,,,
58438.1,60312.5,61452.9,58112.6,88110.0,-3.11,,,,,,,,,,,,,,,,,,,
60582.5,58437.2,62251.3,58128.1,88470.0,3.67,,,,,,,,,,,,,,,,,,,
62242.8,60579.9,62952.2,60322.2,63390.0,2.74,,,,,,,,,,,,,,,,,,,
61840.1,62245.0,62338.5,60786.0,40510.0,-0.65,,,,,,,,,,,,,,,,,,,
61309.6,61842.2,62393.7,60005.7,50060.0,-0.86,,,,,,,,,,,,,,,,,,,
60915.3,61310.1,62430.1,59612.7,61210.0,-0.64,,,,,,,,,,,,,,,,,,,
63221.7,60912.2,64256.4,60651.5,65260.00000000001,3.79,,,,,,,,,,,,,,,,,,,
62918.5,63223.5,63508.6,60883.0,61050.0,-0.48,,,,,,,,,,,,,,,,,,,
61412.6,62915.4,63077.6,60742.9,49910.0,-2.39,,,,,,,,,,,,,,,,,,,
60974.3,61411.5,62560.3,60742.4,44460.0,-0.71,,,,,,,,,,,,,,,,,,,
61483.9,60973.2,61543.2,60093.6,34890.0,0.84,,,,,,,,,,,,,,,,,,,
63273.2,61483.8,63273.2,61347.2,34340.0,2.91,,,,,,,,,,,,,,,,,,,
67527.9,63276.4,67763.3,63276.4,81080.0,6.72,,,,,,,,,,,,,,,,,,,
66904.4,67528.7,68493.3,66334.9,66130.0,-0.92,,,,,,,,,,,,,,,,,,,
64932.6,66942.6,68990.6,62951.3,96210.0,-2.95,,,,,,,,,,,,,,,,,,,
64806.7,64922.8,65583.3,64121.9,50370.0,-0.19,,,,,,,,,,,,,,,,,,,
64134.5,64782.6,65449.7,62309.7,63270.0,-1.04,,,,,,,,,,,,,,,,,,,
64398.6,64133.3,64906.0,63381.4,30340.0,0.41,,,,,,,,,,,,,,,,,,,
65508.2,64397.2,65508.2,63608.3,33980.0,1.72,,,,,,,,,,,,,,,,,,,
63597.9,65514.9,66311.2,63439.5,53530.0,-2.92,,,,,,,,,,,,,,,,,,,
60089.1,63605.1,63605.6,58655.9,115360.0,-5.52,,,,,,,,,,,,,,,,,,,
60367.8,60074.2,60814.5,58531.9,73930.0,0.46,,,,,,,,,,,,,,,,,,,
56955.3,60368.2,60936.9,56524.4,100370.0,-5.65,,,,,,,,,,,,,,,,,,,
58083.4,56908.3,58335.9,55626.3,74440.0,1.98,,,,,,,,,,,,,,,,,,,
59717.6,58080.8,59854.6,57435.3,44530.0,2.81,,,,,,,,,,,,,,,,,,,
58714.3,59724.0,60002.6,58528.3,40980.0,-1.68,,,,,,,,,,,,,,,,,,,
56308.8,58719.7,59288.3,55656.8,76450.0,-4.1,,,,,,,,,,,,,,,,,,,
57573.2,56304.8,57855.1,55542.5,72480.0,2.25,,,,,,,,,,,,,,,,,,,
57171.7,57559.4,57697.4,55910.6,56680.0,-0.7,,,,,,,,,,,,,,,,,,,
58935.1,57167.1,59387.3,57029.8,56790.0,3.08,,,,,,,,,,,,,,,,,,,
53730.9,58937.3,59151.1,53533.5,104030.0,-8.83,,,,,,,,,,,,,,,,,,,
54765.9,53747.2,55280.3,53654.3,40710.0,1.93,,,,,,,,,,,,,,,,,,,
57291.5,54758.0,57392.3,53448.3,49280.0,4.61,,,,,,,,,,,,,,,,,,,
57794.8,57288.1,58855.2,56726.7,58650.0,0.88,,,,,,,,,,,,,,,,,,,
56882.9,57795.2,59174.4,55936.9,73660.0,-1.58,,,,,,,,,,,,,,,,,,,
57210.3,56891.7,59064.3,56496.5,66750.0,0.58,,,,,,,,,,,,,,,,,,,
56496.0,57207.8,57377.5,55807.9,54940.0,-1.25,,,,,,,,,,,,,,,,,,,
53631.5,56495.2,57543.6,52008.9,89200.0,-5.07,,,,,,,,,,,,,,,,,,,
49195.2,53620.7,53847.2,42587.8,168000.0,-8.27,,,,,,,,,,,,,,,,,,,
49405.5,49196.4,49689.3,47797.8,72030.0,0.43,,,,,,,,,,,,,,,,,,,
50562.1,49412.1,50913.3,47237.9,89680.0,2.34,,,,,,,,,,,,,,,,,,,
50595.2,50547.4,51918.6,50070.9,56290.0,0.07,,,,,,,,,,,,,,,,,,,
50473.9,50596.6,51204.7,48700.7,55590.0,-0.24,,,,,,,,,,,,,,,,,,,
47596.6,50477.6,50790.2,47341.9,58690.0,-5.7,,,,,,,,,,,,,,,,,,,
47137.2,47591.7,49974.8,47007.1,68060.0,-0.97,,,,,,,,,,,,,,,,,,,
49314.5,47138.4,49487.0,46834.0,45230.0,4.62,,,,,,,,,,,,,,,,,,,
50081.0,49332.5,50779.2,48670.5,40300.0,1.55,,,,,,,,,,,,,,,,,,,
46703.6,50075.9,50196.1,45848.2,80370.0,-6.74,,,,,,,,,,,,,,,,,,,
48366.5,46709.8,48635.0,46338.3,62540.0,3.56,,,,,,,,,,,,,,,,,,,
48871.5,48366.2,49477.9,46572.6,80280.0,1.04,,,,,,,,,,,,,,,,,,,
47628.2,48876.6,49387.8,47543.9,48200.0,-2.54,,,,,,,,,,,,,,,,,,,
46172.2,47630.4,47997.2,45523.8,67500.0,-3.06,,,,,,,,,,,,,,,,,,,
46856.2,46171.8,47330.2,45513.4,36930.0,1.48,,,,,,,,,,,,,,,,,,,
46704.5,46855.7,48270.2,46438.4,44050.0,-0.32,,,,,,,,,,,,,,,,,,,
46895.2,46703.4,47488.9,45577.3,57530.0,0.41,,,,,,,,,,,,,,,,,,,
48902.0,46900.1,49306.1,46654.0,57880.0,4.28,,,,,,,,,,,,,,,,,,,
48599.7,48898.7,49540.3,48449.7,40890.0,-0.62,,,,,,,,,,,,,,,,,,,
50801.0,48599.6,51355.6,48053.4,56240.0,4.53,,,,,,,,,,,,,,,,,,,
50786.1,50807.4,51795.3,50428.4,45970.0,-0.03,,,,,,,,,,,,,,,,,,,
50406.4,50789.6,51140.2,50196.8,26670.0,-0.75,,,,,,,,,,,,,,,,,,,
50779.9,50404.0,51247.0,49527.0,32340.000000000004,0.74,,,,,,,,,,,,,,,,,,,
50678.2,50783.6,52016.3,50459.0,43900.0,-0.2,,,,,,,,,,,,,,,,,,,
47545.2,50703.4,50703.8,47345.7,74390.0,-6.18,,,,,,,,,,,,,,,,,,,
46461.7,47548.4,48121.7,46127.8,63920.0,-2.28,,,,,,,,,,,,,,,,,,,
47123.3,46470.7,47901.4,46003.0,60960.0,1.42,,,,,,,,,,,,,,,,,,,
46219.5,47123.3,48553.9,45693.6,58180.0,-1.92,,,,,,,,,,,,,,,,,,,
47738.0,46217.5,47917.6,46217.5,31240.0,3.29,,,,,,,,,,,,,,,,,,,
47311.8,47738.7,47944.9,46718.2,27020.0,-0.89,,,,,,,,,,,,,,,,,,,
46430.2,47293.9,47556.0,45704.0,41060.0,-1.86,,,,,,,,,,,,,,,,,,,
45837.3,46435.7,47505.4,45602.1,55590.0,-1.28,,,,,,,,,,,,,,,,,,,
43425.9,45833.1,47019.4,42535.1,83740.0,-5.26,,,,,,,,,,,,,,,,,,,
43097.5,43431.6,43772.3,42481.1,63080.0,-0.76,,,,,,,,,,,,,,,,,,,
41546.7,43097.9,43127.7,40810.0,88360.0,-3.6,,,,,,,,,,,,,,,,,,,
41672.0,41551.3,42304.4,40574.3,52540.0,0.3,,,,,,,,,,,,,,,,,,,
41848.3,41681.2,42764.4,41260.9,37510.0,0.42,,,,,,,,,,,,,,,,,,,
41832.2,41848.9,42243.8,39697.0,85500.0,-0.04,,,,,,,,,,,,,,,,,,,
42733.2,41829.1,43090.2,41287.6,61780.0,2.15,,,,,,,,,,,,,,,,,,,
43901.0,42735.0,44243.6,42476.7,53950.0,2.73,,,,,,,,,,,,,,,,,,,
42560.0,43900.0,44404.7,42337.5,53420.0,-3.05,,,,,,,,,,,,,,,,,,,
43073.3,42562.2,43435.1,41848.7,50500.0,1.21,,,,,,,,,,,,,,,,,,,
43097.0,43073.6,43777.9,42586.1,31440.0,0.06,,,,,,,,,,,,,,,,,,,
43079.1,43079.2,43462.0,42643.3,28660.0,-0.04,,,,,,,,,,,,,,,,,,,
42209.3,43080.5,43179.6,41559.4,41440.0,-2.02,,,,,,,,,,,,,,,,,,,
42364.6,42209.9,42674.2,41300.7,47320.0,0.37,,,,,,,,,,,,,,,,,,,
41677.8,42365.3,42558.0,41160.9,53770.0,-1.62,,,,,,,,,,,,,,,,,,,
40715.9,41683.6,43487.1,40568.3,65280.0,-2.31,,,,,,,,,,,,,,,,,,,
36475.5,40698.1,41104.6,35503.9,155800.0,-10.41,2022-01-21,101.08900499343872,329.0,25.05689427999913,703.0,145.0,36475.5,40698.1,41104.6,35503.9,155800.0,-10.41,36291.42,36925.54,38913.73,119554.0,93548.0,77472.5,
35075.2,36467.7,36749.8,34116.0,138090.0,-3.84,2022-01-22,131.95226389169693,359.0,31.62902032999915,749.0,178.0,35075.2,36467.7,36749.8,34116.0,138090.0,-3.84,36356.4,37127.85,39266.005,109968.0,84095.0,74167.0,
36269.5,35072.9,36513.0,34655.2,70430.0,3.4,,,,,,,,,,,,,,,,,,,
36686.3,36268.6,37424.0,32985.6,153770.0,1.15,2022-01-24,120.1553760766983,232.0,18.91695175,704.0,216.0,36686.3,36268.6,37424.0,32985.6,153770.0,1.15,37069.34,37553.37,39928.45,98858.0,74137.0,69132.5,
36950.6,36691.3,37501.8,35729.3,79680.0,0.72,2022-01-25,69.18726068735123,187.0,4.133e-05,282.0,84.0,36950.6,36691.3,37501.8,35729.3,79680.0,0.72,37366.240000000005,37613.52,40197.19,76658.0,63795.0,62738.0,
36800.4,36962.3,38862.6,36280.0,107870.0,-0.41,,,,,,,,,,,,,,,,,,,
37164.3,36800.1,37215.4,35543.2,83520.0,0.99,,,,,,,,,,,,,,,,,,,
37745.1,37195.6,37995.9,36176.5,69450.0,1.56,,,,,,,,,,,,,,,,,,,
38170.8,37736.5,38663.7,37350.2,42770.0,1.13,,,,,,,,,,,,,,,,,,,
37917.7,38167.5,38313.3,37390.6,34100.0,-0.66,,,,,,,,,,,,,,,,,,,
38498.6,37923.8,38701.4,36672.8,61270.0,1.53,,,,,,,,,,,,,,,,,,,
38709.7,38475.6,39230.0,38037.9,55200.0,0.55,,,,,,,,,,,,,,,,,,,38709.7
36890.2,38711.2,38853.8,36682.3,53740.0,-4.7,,,,,,,,,,,,,,,,,,,
37287.8,36890.2,37304.3,36297.3,50350.0,1.08,,,,,,,,,,,,,,,,,,,
41567.6,37287.8,41689.0,37041.1,95490.0,11.48,,,,,,,,,,,,,,,,,,,41567.6
41412.1,41566.5,41899.8,40963.3,46320.0,-0.37,,,,,,,,,,,,,,,,,,,
42392.2,41411.9,42614.8,41176.3,31200.0,2.37,,,,,,,,,,,,,,,,,,,
43833.9,42385.2,44468.3,41695.4,76600.0,3.4,,,,,,,,,,,,,,,,,,,
44038.2,43833.9,45399.8,42705.0,92880.0,0.47,,,,,,,,,,,,,,,,,,,
44388.9,44038.2,44800.4,43163.0,50920.0,0.8,,,,,,,,,,,,,,,,,,,
43521.0,44388.9,45755.2,43242.5,89690.0,-1.96,,,,,,,,,,,,,,,,,,,
42388.4,43519.3,43915.1,42023.4,69950.0,-2.6,,,,,,,,,,,,,,,,,,,
42205.2,42388.4,43006.4,41776.8,37880.0,-0.43,,,,,,,,,,,,,,,,,,,
42061.1,42205.5,42725.1,41880.1,25880.0,-0.34,,,,,,,,,,,,,,,,,,,
42550.3,42061.1,42799.7,41591.3,53600.0,1.16,,,,,,,,,,,,,,,,,,,
44544.4,42550.3,44722.6,42460.1,56340.0,4.69,,,,,,,,,,,,,,,,,,,
43883.6,44540.9,44552.9,43377.6,41400.0,-1.48,,,,,,,,,,,,,,,,,,,
40552.8,43885.5,44167.1,40103.8,72630.0,-7.59,,,,,,,,,,,,,,,,,,,
40000.1,40532.5,40935.5,39505.0,64959.99999999999,-1.36,,,,,,,,,,,,,,,,,,,
40090.3,40000.1,40434.3,39666.6,25780.0,0.23,,,,,,,,,,,,,,,,,,,
38355.0,40089.6,40120.3,38042.2,47920.0,-4.33,,,,,,,,,,,,,,,,,,,
37017.7,38355.0,39444.1,36868.9,91820.0,-3.49,,,,,,,,,,,,,,,,,,,
38248.2,37018.3,38414.9,36399.6,82750.0,3.32,,,,,,,,,,,,,,,,,,,
37224.6,38248.2,39194.5,37099.5,64840.0,-2.68,,,,,,,,,,,,,,,,,,,
38339.2,37250.2,39351.6,34357.4,180470.0,2.99,,,,,,,,,,,,,,,,,,,
39209.6,38339.2,39683.7,38042.6,83780.0,2.27,,,,,,,,,,,,,,,,,,,
39115.5,39221.6,40094.5,38639.1,41550.0,-0.24,,,,,,,,,,,,,,,,,,,
37689.1,39116.6,39838.5,37062.3,66140.0,-3.65,,,,,,,,,,,,,,,,,,,
43188.2,37707.2,43977.8,37458.9,108070.0,14.59,,,,,,,,,,,,,,,,,,,
44420.3,43187.2,44900.5,42876.6,90670.0,2.85,,,,,,,,,,,,,,,,,,,
43912.8,44420.3,45294.2,43361.3,80820.0,-1.14,,,,,,,,,,,,,,,,,,,
42463.0,43912.8,44077.2,41840.8,74110.0,-3.3,,,,,,,,,,,,,,,,,,,
39142.7,42463.0,42848.7,38594.9,3210000000.0,-7.82,,,,,,,,,,,,,,,,,,,
39395.8,39142.8,39600.2,38626.1,1500000000.0,0.65,,,,,,,,,,,,,,,,,,,
38403.1,39396.3,39668.1,38115.0,1930000000.0,-2.52,,,,,,,,,,,,,,,,,,,
38024.8,38420.6,39532.0,37182.1,3020000000.0,-0.99,,,,,,,,,,,,,,,,,,,
38744.8,38020.6,39351.5,37886.6,2670000000.0,1.89,,,,,,,,,,,,,,,,,,,
41929.0,38731.5,42538.5,38663.3,3600000000.0,8.22,,,,,,,,,,,,,,,,,,,
39416.3,41933.9,42029.1,38603.5,3620000000.0,-5.99,,,,,,,,,,,,,,,,,,,
38730.2,39422.5,40177.0,38236.4,2790000000.0,-1.74,2022-03-11,180.69617837667465,175.0,18.9726478,1646.0,631.0,38730.2,39422.5,40177.0,38236.4,2790000000.0,-1.74,38858.740000000005,40160.4,42464.55,2006000000.0,1924304000.0,1187418500.0,
38814.3,38730.2,39355.3,38666.5,1110000000.0,0.22,,,,,,,,,,,,,,,,,,,
37792.4,38813.2,39272.3,37603.4,1550000000.0,-2.63,,,,,,,,,,,,,,,,,,,
39671.1,37789.5,39914.3,37613.6,2330000000.0,4.97,,,,,,,,,,,,,,,,,,,
39285.7,39673.0,39854.7,38220.9,2250000000.0,-0.97,,,,,,,,,,,,,,,,,,,
41118.7,39282.5,41701.6,38953.2,4470000000.0,4.67,,,,,,,,,,,,,,,,,,,
40914.8,41118.7,41406.0,40557.8,1900000000.0,-0.5,2022-03-17,229.52259200811383,289.0,8.514451160000654,511.0,129.0,40914.8,41118.7,41406.0,40557.8,1900000000.0,-0.5,41442.72,42539.06,44502.68,1029932000.0,730273000.0,600666000.0,
41767.8,40914.6,42308.4,40234.8,2310000000.0,2.08,2022-03-18,189.03653860092163,247.0,19.56674628,271.0,61.0,41767.8,40914.6,42308.4,40234.8,2310000000.0,2.08,41734.36,43133.48,44615.59,757344000.0,579152000.0,538142000.0,
42233.0,41768.0,42386.0,41529.6,224590000.0,1.11,,,,,,,,,,,,,,,,,,,
41276.0,42241.0,42301.0,40922.0,308450000.0,-2.27,,,,,,,,,,,,,,,,,,,
41022.0,41282.0,41532.0,40530.0,406620000.0,-0.62,,,,,,,,,,,,,,,,,,,
42373.0,41022.0,43327.9,40893.0,537060000.0,3.29,,,,,,,,,,,,,,,,,,,
42912.0,42373.0,43027.0,41795.0,433960000.0,1.27,,,,,,,,,,,,,,,,,,,42912.0
44013.0,42911.0,44251.0,42658.0,491660000.0,2.57,,,,,,,,,,,,,,,,,,,
44331.0,44013.0,45112.0,43622.0,494090000.0,0.72,,,,,,,,,,,,,,,,,,,
44548.0,44331.0,44818.0,44090.0,196300000.0,0.49,,,,,,,,,,,,,,,,,,,
46859.0,44542.0,46947.0,44445.0,388790000.0,5.19,,,,,,,,,,,,,,,,,,,46859.0
47105.0,46859.0,48199.0,46672.0,610270000.0,0.52,,,,,,,,,,,,,,,,,,,
47449.0,47126.0,48127.0,47029.0,478820000.0,0.73,,,,,,,,,,,,,,,,,,,
47075.0,47449.0,47714.0,46601.0,467760000.0,-0.79,,,,,,,,,,,,,,,,,,,
45525.0,47071.0,47624.0,45228.0,520000000.0,-3.29,,,,,,,,,,,,,,,,,,,
46297.0,45529.0,46728.0,44261.0,632930000.0,1.7,,,,,,,,,,,,,,,,,,,
45811.0,46299.0,47212.0,45641.0,345930000.0,-1.05,,,,,,,,,,,,,,,,,,,
46407.0,45813.0,47435.0,45554.0,398860000.0,1.3,,,,,,,,,,,,,,,,,,,
46629.0,46407.0,46899.0,45152.0,446120000.0,0.48,,,,,,,,,,,,,,,,,,,
45506.0,46614.0,47201.0,45388.0,421110000.0,-2.41,,,,,,,,,,,,,,,,,,,
43173.0,45494.0,45519.0,43122.0,649520000.0,-5.13,,,,,,,,,,,,,,,,,,,
43448.0,43166.0,43893.0,42747.0,390850000.0,0.64,,,,,,,,,,,,,,,,,,,
42275.0,43450.0,43979.0,42113.0,467830000.0,-2.7,,,,,,,,,,,,,,,,,,,
42767.0,42275.0,42809.0,42129.0,165160000.0,1.16,,,,,,,,,,,,,,,,,,,
42138.0,42760.0,43421.0,41884.0,255830000.0,-1.47,,,,,,,,,,,,,,,,,,,
39497.0,42144.0,42418.0,39202.0,608380000.0,-6.27,,,,,,,,,,,,,,,,,,,
40078.0,39507.0,40678.0,39265.0,468270000.0,1.47,,,,,,,,,,,,,,,,,,,
41133.0,40072.0,41515.0,39581.0,406700000.0,2.63,,,,,,,,,,,,,,,,,,,
39936.0,41133.0,41494.0,39585.0,294290000.0,-2.91,,,,,,,,,,,,,,,,,,,
40560.0,39936.0,40850.0,39781.0,233090000.0,1.56,,,,,,,,,,,,,,,,,,,
40382.0,40571.0,40691.0,40003.0,151310000.0,-0.44,,,,,,,,,,,,,,,,,,,
39703.0,40382.0,40599.0,39561.0,210010000.0,-1.68,,,,,,,,,,,,,,,,,,,
40803.0,39700.0,41095.0,38577.0,484260000.0,2.77,,,,,,,,,,,,,,,,,,,
41503.0,40809.0,41746.0,40585.0,268279999.99999997,1.72,,,,,,,,,,,,,,,,,,,
41368.0,41499.0,42203.0,40915.0,382840000.0,-0.33,,,,,,,,,,,,,,,,,,,
40482.0,41370.0,42969.0,39793.0,493050000.0,-2.14,,,,,,,,,,,,,,,,,,,
39709.0,40487.0,40792.0,39200.0,421300000.0,-1.91,,,,,,,,,,,,,,,,,,,
39418.0,39709.0,39973.0,39291.0,190600000.0,-0.73,,,,,,,,,,,,,,,,,,,
39464.0,39434.0,39929.0,39033.0,283630000.0,0.12,,,,,,,,,,,,,,,,,,,
40427.0,39464.0,40599.0,38233.0,654600000.0,2.44,,,,,,,,,,,,,,,,,,,
38113.0,40443.0,40770.0,37708.0,681470000.0,-5.72,,,,,,,,,,,,,,,,,,,
39243.0,38113.0,39447.0,37869.0,426830000.0,2.96,,,,,,,,,,,,,,,,,,,
39748.0,39243.0,40382.0,38888.0,542390000.0,1.29,,,,,,,,,,,,,,,,,,,
38581.0,39748.0,39919.0,38175.0,382900000.0,-2.94,,,,,,,,,,,,,,,,,,,
37650.0,38590.0,38776.0,37596.0,248220000.0,-2.41,,,,,,,,,,,,,,,,,,,
38461.0,37642.0,38676.0,37397.0,276990000.0,2.15,,,,,,,,,,,,,,,,,,,
38514.0,38472.0,39134.0,38061.0,580790000.0,0.14,,,,,,,,,,,,,,,,,,,
37718.0,38515.0,38647.0,37513.0,367210000.0,-2.07,,,,,,,,,,,,,,,,,,,
39688.0,37717.0,40021.0,37660.0,691490000.0,5.22,,,,,,,,,,,,,,,,,,,
36544.0,39686.0,39833.0,36183.0,1040000000.0,-7.92,,,,,,,,,,,,,,,,,,,
36009.0,36540.0,36646.0,35267.0,752840000.0,-1.46,,,,,,,,,,,,,,,,,,,
35468.0,36003.0,36119.0,34773.0,288860000.0,-1.5,,,,,,,,,,,,,,,,,,,
34060.0,35468.0,35497.0,33727.0,671050000.0,-3.97,,,,,,,,,,,,,,,,,,,
30095.0,34041.0,34227.0,30095.0,268090.0,-11.64,,,,,,,,,,,,,,,,,,,
31007.5,30098.2,32621.2,29831.0,235610.0,3.03,,,,,,,,,,,,,,,,,,,
29068.2,31008.0,32113.6,27835.5,296900.0,-6.25,,,,,,,,,,,,,,,,,,,
28976.0,29073.4,30136.7,26500.5,309480.0,-0.32,,,,,,,,,,,,,,,,,,,
29284.4,28994.3,31002.7,28755.0,141230.0,1.06,,,,,,,,,,,,,,,,,,,
30080.4,29285.2,30277.4,28666.7,70460.0,2.72,,,,,,,,,,,,,,,,,,,
31308.7,30078.6,31383.8,29499.4,65440.0,4.08,,,,,,,,,,,,,,,,,,,
29849.0,31308.3,31312.4,29135.8,100250.0,-4.66,,,,,,,,,,,,,,,,,,,
30437.5,29856.7,30720.1,29484.5,79630.0,1.97,,,,,,,,,,,,,,,,,,,
28683.7,30437.5,30687.9,28648.1,92030.0,-5.76,,,,,,,,,,,,,,,,,,,
30305.9,28700.4,30525.1,28682.1,101380.0,5.66,,,,,,,,,,,,,,,,,,,
29178.6,30305.9,30735.1,28738.5,98780.0,-3.72,,,,,,,,,,,,,,,,,,,
29434.6,29188.7,29623.2,28953.9,32270.000000000004,0.88,,,,,,,,,,,,,,,,,,,
30286.6,29433.0,30462.0,29260.1,50600.0,2.89,,,,,,,,,,,,,,,,,,,
29093.3,30287.3,30644.8,28913.6,92100.0,-3.94,,,,,,,,,,,,,,,,,,,
29648.7,29091.6,29810.8,28706.1,79420.0,1.91,,,,,,,,,,,,,,,,,,,
29540.6,29648.7,30202.3,29353.5,78850.0,-0.36,,,,,,,,,,,,,,,,,,,
29203.5,29537.9,29868.9,28077.9,126710.0,-1.14,,,,,,,,,,,,,,,,,,,
28601.2,29194.0,29377.1,28282.2,116410.0,-2.06,,,,,,,,,,,,,,,,,,,
29027.1,28620.1,29194.4,28537.2,43870.0,1.49,,,,,,,,,,,,,,,,,,,
29465.2,29027.1,29556.5,28838.7,36870.0,1.51,,,,,,,,,,,,,,,,,,,
31723.3,29465.2,32185.6,29307.2,129560.0,7.66,,,,,,,,,,,,,,,,,,,
31793.4,31730.2,32377.5,31221.2,86600.0,0.22,,,,,,,,,,,,,,,,,,,
29798.5,31793.1,31969.9,29396.6,135090.0,-6.27,,,,,,,,,,,,,,,,,,,
30455.5,29798.6,30638.5,29604.4,81400.0,2.2,,,,,,,,,,,,,,,,,,,
29700.9,30455.7,30674.8,29330.8,72130.0,-2.48,,,,,,,,,,,,,,,,,,,
29864.3,29700.9,29963.8,29489.5,33510.0,0.55,,,,,,,,,,,,,,,,,,,
29913.0,29865.1,30166.9,29539.0,30330.0,0.16,,,,,,,,,,,,,,,,,,,
31367.6,29911.2,31753.4,29888.6,94010.0,4.86,,,,,,,,,,,,,,,,,,,
31128.8,31370.3,31556.6,29235.0,140320.0,-0.76,,,,,,,,,,,,,,,,,,,
30201.6,31127.2,31312.1,29874.8,87960.0,-2.98,,,,,,,,,,,,,,,,,,,
30097.8,30202.1,30691.4,29953.8,61720.0,-0.34,,,,,,,,,,,,,,,,,,,
29083.3,30097.4,30325.6,28884.9,104260.0,-3.37,,,,,,,,,,,,,,,,,,,
28403.4,29083.3,29426.6,28161.8,82920.0,-2.34,,,,,,,,,,,,,,,,,,,
26606.3,28404.0,28534.8,26606.3,120020.0,-6.33,,,,,,,,,,,,,,,,,,,
22448.0,26606.3,26857.6,22006.3,379260.0,-15.63,,,,,,,,,,,,,,,,,,,
22157.3,22449.1,23200.3,20860.9,251010.0,-1.29,,,,,,,,,,,,,,,,,,,
22577.9,22137.5,22754.4,20125.8,280410.0,1.9,,,,,,,,,,,,,,,,,,,
20386.6,22577.9,22942.1,20231.1,144000.0,-9.71,,,,,,,,,,,,,,,,,,,
20444.6,20391.3,21315.4,20244.1,136270.0,0.28,,,,,,,,,,,,,,,,,,,
18986.5,20446.4,20744.7,17630.5,267250.0,-7.13,,,,,,,,,,,,,,,,,,,
20577.2,18983.4,20763.5,17983.7,169390.0,8.38,,,,,,,,,,,,,,,,,,,
20572.3,20576.9,20996.8,19658.8,140600.0,-0.02,,,,,,,,,,,,,,,,,,,
20720.4,20571.6,21689.3,20371.7,136320.0,0.72,,,,,,,,,,,,,,,,,,,
19965.8,20720.2,20864.3,19780.2,125940.0,-3.64,,,,,,,,,,,,,,,,,,,
21100.7,19967.3,21189.8,19907.5,110700.0,5.68,,,,,,,,,,,,,,,,,,,
21226.9,21100.9,21488.7,20743.9,104560.0,0.6,,,,,,,,,,,,,,,,,,,
21489.9,21226.9,21553.4,20917.5,66630.0,1.24,,,,,,,,,,,,,,,,,,,
21043.5,21489.9,21837.4,20989.7,67210.0,-2.08,,,,,,,,,,,,,,,,,,,
20730.2,21037.7,21497.5,20568.0,84690.0,-1.49,,,,,,,,,,,,,,,,,,,
20278.0,20727.9,21200.2,20210.5,83830.0,-2.18,,,,,,,,,,,,,,,,,,,
20111.3,20278.0,20415.8,19880.7,98970.0,-0.82,,,,,,,,,,,,,,,,,,,
19926.6,20111.3,20155.1,18682.7,127730.0,-0.92,,,,,,,,,,,,,,,,,,,
19262.9,19926.6,20785.6,18980.1,150180.0,-3.33,,,,,,,,,,,,,,,,,,,
19243.2,19275.4,19425.4,19006.4,58570.0,-0.1,,,,,,,,,,,,,,,,,,,
19309.9,19243.4,19626.4,18794.4,65269.99999999999,0.35,,,,,,,,,,,,,,,,,,,
20215.8,19310.6,20303.8,19052.5,92790.0,4.69,,,,,,,,,,,,,,,,,,,
20200.6,20215.8,20706.9,19315.4,122430.0,-0.08,,,,,,,,,,,,,,,,,,,
20561.1,20180.4,20654.9,19785.3,105240.0,1.78,,,,,,,,,,,,,,,,,,,
21637.8,20557.9,21817.8,20282.7,115810.0,5.24,,,,,,,,,,,,,,,,,,,
21611.2,21637.1,22482.1,21207.0,439900.0,-0.12,,,,,,,,,,,,,,,,,,,
21587.5,21610.4,21944.1,21338.4,190110.0,-0.11,,,,,,,,,,,,,,,,,,,
20847.4,21587.4,21599.2,20689.7,204680.0,-3.43,,,,,,,,,,,,,,,,,,,
19963.2,20847.2,20855.0,19897.0,160200.0,-4.24,,,,,,,,,,,,,,,,,,,
19330.9,19963.2,20051.7,19279.6,167910.0,-3.17,,,,,,,,,,,,,,,,,,,
20250.0,19331.6,20250.8,18942.2,249380.0,4.75,2022-07-13,64.94047186616808,148.0,6.262710300000005,330.0,125.0,20250.0,19331.6,20250.8,18942.2,249380.0,4.75,20731.32,21863.6,22351.025,177806.0,217359.0,202435.0,
20586.0,20250.0,20862.2,19664.9,205280.0,1.66,,,,,,,,,,,,,,,,,,,
20825.1,20586.1,21178.1,20393.4,164670.0,1.16,,,,,,,,,,,,,,,,,,,
21209.9,20825.2,21561.3,20484.4,136890.0,1.85,,,,,,,,,,,,,,,,,,,
20785.6,21209.8,21654.4,20755.2,132810.0,-2.0,,,,,,,,,,,,,,,,,,,
22525.8,20785.6,22714.9,20770.6,279720.0,8.37,,,,,,,,,,,,,,,,,,,22525.8
23410.2,22529.3,23757.3,21581.8,308910.0,3.93,,,,,,,,,,,,,,,,,,,
23215.2,23412.0,24258.0,22944.4,281310.0,-0.83,,,,,,,,,,,,,,,,,,,
23153.0,23219.9,23403.8,22360.2,217080.0,-0.27,,,,,,,,,,,,,,,,,,,
22675.2,23150.0,23741.4,22524.2,197540.0,-2.06,2022-07-22,165.07845372334123,251.0,0.0,198.0,66.0,22675.2,23150.0,23741.4,22524.2,197540.0,-2.06,22053.66,22778.85,22991.74,174024.0,191032.0,180983.5,
22460.4,22683.6,22991.0,21971.7,137420.0,-0.95,,,,,,,,,,,,,,,,,,,
22582.1,22449.8,22987.9,22281.3,126660.0,0.54,,,,,,,,,,,,,,,,,,,
21301.9,22582.3,22653.3,21275.4,206930.0,-5.67,,,,,,,,,,,,,,,,,,,
21248.7,21301.6,21322.3,20737.3,201570.0,-0.25,,,,,,,,,,,,,,,,,,,
22958.3,21248.0,23027.8,21047.5,242660.0,8.05,,,,,,,,,,,,,,,,,,,
23850.0,22957.7,24190.5,22611.6,268320.0,3.88,,,,,,,,,,,,,,,,,,,
23774.3,23850.2,24340.0,23451.4,221660.0,-0.32,,,,,,,,,,,,,,,,,,,
23634.2,23774.2,24605.3,23521.8,168720.0,-0.59,,,,,,,,,,,,,,,,,,,
23303.4,23634.2,24179.3,23236.2,138840.0,-1.4,,,,,,,,,,,,,,,,,,,
23271.2,23303.4,23484.4,22863.8,162330.0,-0.14,,,,,,,,,,,,,,,,,,,
22988.6,23271.1,23423.3,22670.8,177300.0,-1.21,,,,,,,,,,,,,,,,,,,
22820.8,22988.7,23623.7,22698.6,174660.0,-0.73,,,,,,,,,,,,,,,,,,,
22612.1,22822.2,23214.5,22438.7,181190.0,-0.91,,,,,,,,,,,,,,,,,,,
23308.2,22613.3,23447.6,22593.5,208900.0,3.08,,,,,,,,,,,,,,,,,,,
22944.2,23308.2,23344.4,22923.6,94440.0,-1.56,,,,,,,,,,,,,,,,,,,
23175.3,22944.2,23387.7,22852.3,99360.0,1.01,,,,,,,,,,,,,,,,,,,
23816.3,23175.3,24234.1,23160.6,197940.0,2.77,,,,,,,,,,,,,,,,,,,
23146.7,23818.1,23912.0,22886.5,169620.0,-2.81,,,,,,,,,,,,,,,,,,,
23962.9,23150.3,24209.9,22714.7,243610.0,3.53,,,,,,,,,,,,,,,,,,,
23935.3,23963.3,24873.5,23864.0,285360.0,-0.12,,,,,,,,,,,,,,,,,,,
24398.7,23935.3,24440.8,23616.4,194960.0,1.94,,,,,,,,,,,,,,,,,,,
24442.5,24398.9,24882.9,24318.7,170590.0,0.18,,,,,,,,,,,,,,,,,,,
24302.8,24442.1,24997.3,24172.2,177250.0,-0.57,,,,,,,,,,,,,,,,,,,
24101.7,24303.3,25205.7,23784.5,279280.0,-0.83,,,,,,,,,,,,,,,,,,,
23856.8,24102.6,24240.8,23693.8,201700.0,-1.02,,,,,,,,,,,,,,,,,,,
23338.0,23855.8,24423.5,23191.6,239530.0,-2.17,,,,,,,,,,,,,,,,,,,
23203.6,23337.7,23578.0,23131.3,160970.0,-0.58,,,,,,,,,,,,,,,,,,,
20831.3,23201.6,23202.3,20807.8,339470.0,-10.22,,,,,,,,,,,,,,,,,,,
21138.9,20830.7,21357.4,20784.8,206940.0,1.48,,,,,,,,,,,,,,,,,,,
21517.2,21138.9,21692.4,21077.4,177520.0,1.79,,,,,,,,,,,,,,,,,,,
21416.3,21516.8,21517.4,20912.1,251830.0,-0.47,,,,,,,,,,,,,,,,,,,
21517.2,21416.5,21661.0,20919.6,228650.0,0.47,,,,,,,,,,,,,,,,,,,
21365.2,21516.2,21832.3,21171.1,202400.0,-0.71,,,,,,,,,,,,,,,,,,,
21565.4,21365.4,21801.2,21324.8,190150.0,0.94,,,,,,,,,,,,,,,,,,,
20249.9,21564.2,21815.3,20122.4,322160.0,-6.1,,,,,,,,,,,,,,,,,,,
20033.9,20249.9,20343.6,19849.8,187340.0,-1.07,,,,,,,,,,,,,,,,,,,
19550.2,20034.2,20150.8,19542.9,159600.0,-2.41,,,,,,,,,,,,,,,,,,,
20295.8,19551.3,20394.5,19551.2,248040.0,3.81,,,,,,,,,,,,,,,,,,,
19792.6,20295.6,20558.2,19559.7,308410.0,-2.48,,,,,,,,,,,,,,,,,,,
20043.9,19793.4,20469.1,19793.4,318170.0,1.27,,,,,,,,,,,,,,,,,,,
20126.1,20049.9,20202.7,19584.4,275080.0,0.41,,,,,,,,,,,,,,,,,,,
19952.7,20131.6,20428.2,19764.7,272220.0,-0.86,,,,,,,,,,,,,,,,,,,
19831.4,19952.8,20043.8,19660.7,157850.0,-0.61,,,,,,,,,,,,,,,,,,,
19999.9,19832.2,20017.8,19594.7,158270.0,0.85,,,,,,,,,,,,,,,,,,,
19793.1,19999.9,20042.9,19650.7,238710.0,-1.03,,,,,,,,,,,,,,,,,,,
18786.4,19793.4,20169.3,18723.3,402430.0,-5.09,,,,,,,,,,,,,,,,,,,18786.4
19281.5,18786.3,19445.9,18548.4,319100.0,2.64,,,,,,,,,,,,,,,,,,,
19317.4,19281.5,19444.7,19034.5,291430.0,0.19,,,,,,,,,,,,,,,,,,,
21365.2,19318.8,21545.7,19294.1,480370.0,10.6,,,,,,,,,,,,,,,,,,,
21650.4,21363.8,21790.6,21139.9,331120.0,1.33,,,,,,,,,,,,,,,,,,,
21834.9,21650.4,21836.4,21363.0,297120.0,0.85,,,,,,,,,,,,,,,,,,,
22395.3,21836.6,22465.4,21581.6,431980.0,2.57,,,,,,,,,,,,,,,,,,,
20175.5,22395.3,22702.5,19909.6,485320.0,-9.91,,,,,,,,,,,,,,,,,,,
20222.5,20175.5,20503.7,19654.2,374220.0,0.23,,,,,,,,,,,,,,,,,,,
19701.7,20222.3,20321.4,19532.3,358420.0,-2.58,,,,,,,,,,,,,,,,,,,
19802.4,19701.9,19883.0,19352.9,315590.0,0.51,,,,,,,,,,,,,,,,,,,
20113.5,19802.8,20178.6,19761.0,204580.0,1.57,,,,,,,,,,,,,,,,,,,
19418.8,20113.9,20113.9,19347.7,273110.0,-3.45,,,,,,,,,,,,,,,,,,,
19538.9,19417.4,19666.6,18277.8,423430.0,0.62,,,,,,,,,,,,,,,,,,,
18872.4,19538.9,19626.3,18742.6,361180.0,-3.41,,,,,,,,,,,,,,,,,,,
18489.0,18875.1,19758.4,18191.8,446850.0,-2.03,,,,,,,,,,,,,,,,,,,
19404.0,18488.1,19490.9,18371.0,448630.0,4.95,,,,,,,,,,,,,,,,,,,
19293.5,19404.1,19477.3,18554.8,431150.0,-0.57,2022-09-23,49.53115811664611,96.0,6.26072662,438.0,113.0,19293.5,19404.1,19477.3,18554.8,431150.0,-0.57,19065.72,19211.97,19396.91,415102.0,399329.0,334845.0,
18925.2,19288.4,19310.6,18812.0,258500.0,-1.91,,,,,,,,,,,,,,,,,,,
18803.2,18925.1,19125.1,18659.6,209710.0,-0.64,,,,,,,,,,,,,,,,,,,
19225.7,18803.1,19304.8,18695.2,516030.0,2.25,,,,,,,,,,,,,,,,,,,
19081.0,19228.8,20361.2,18850.4,660120.0,-0.75,,,,,,,,,,,,,,,,,,,
19411.0,19083.4,19757.8,18505.3,581190.0,1.73,,,,,,,,,,,,,,,,,,,
19593.0,19420.2,19631.5,18877.9,449570.0,0.94,,,,,,,,,,,,,,,,,,,
19423.0,19593.4,20174.9,19208.9,490290.0,-0.87,,,,,,,,,,,,,,,,,,,
19311.9,19422.9,19480.3,19172.6,173910.0,-0.57,,,,,,,,,,,,,,,,,,,
19052.2,19311.9,19389.9,18937.3,222820.0,-1.34,,,,,,,,,,,,,,,,,,,
19628.3,19057.6,19676.0,19001.3,333030.0,3.02,,,,,,,,,,,,,,,,,,,
20340.2,19629.7,20436.1,19506.4,368170.0,3.63,,,,,,,,,,,,,,,,,,,
20157.5,20340.5,20353.8,19761.7,352760.0,-0.9,,,,,,,,,,,,,,,,,,,
19956.7,20157.5,20436.7,19873.7,370600.0,-1.0,,,,,,,,,,,,,,,,,,,
19531.3,19962.4,20051.4,19352.1,263500.0,-2.13,,,,,,,,,,,,,,,,,,,
19415.0,19530.2,19612.2,19274.7,113500.0,-0.6,,,,,,,,,,,,,,,,,,,
19441.0,19416.3,19552.1,19329.6,127530.0,0.13,,,,,,,,,,,,,,,,,,,
19134.6,19441.7,19520.7,19057.0,243770.0,-1.58,,,,,,,,,,,,,,,,,,,
19059.1,19134.3,19261.3,18868.7,288570.0,-0.39,,,,,,,,,,,,,,,,,,,
19154.8,19058.5,19212.6,19010.6,242180.0,0.5,,,,,,,,,,,,,,,,,,,
19379.8,19154.6,19494.4,18207.9,455130.0,1.17,,,,,,,,,,,,,,,,,,,
19181.8,19379.8,19933.9,19098.6,400450.0,-1.02,,,,,,,,,,,,,,,,,,,
19068.7,19181.7,19218.7,19000.8,123660.0,-0.59,,,,,,,,,,,,,,,,,,,
19261.9,19068.8,19411.9,19066.0,140950.0,1.01,,,,,,,,,,,,,,,,,,,
19548.2,19262.2,19663.5,19163.6,248400.0,1.49,,,,,,,,,,,,,,,,,,,
19328.2,19548.4,19692.9,19102.8,290070.0,-1.13,,,,,,,,,,,,,,,,,,,
19123.9,19328.2,19358.6,19101.2,209280.0,-1.06,,,,,,,,,,,,,,,,,,,
19042.9,19125.1,19334.5,18935.6,253200.0,-0.42,,,,,,,,,,,,,,,,,,,
19162.6,19042.9,19245.5,18703.3,294660.0,0.63,,,,,,,,,,,,,,,,,,,
19204.8,19162.6,19249.9,19116.1,118240.0,0.22,,,,,,,,,,,,,,,,,,,
19571.2,19204.8,19680.9,19092.5,180630.0,1.91,,,,,,,,,,,,,,,,,,,
19331.5,19571.2,19588.6,19177.2,286940.0,-1.22,,,,,,,,,,,,,,,,,,,
20082.7,19331.8,20406.9,19249.0,371540.0,3.89,,,,,,,,,,,,,,,,,,,
20769.5,20086.8,20981.5,20062.9,427990.0,3.42,,,,,,,,,,,,,,,,,,,
20292.9,20769.5,20867.9,20231.6,365490.0,-2.29,,,,,,,,,,,,,,,,,,,
20594.4,20293.0,20744.0,20058.2,318900.0,1.49,,,,,,,,,,,,,,,,,,,
20809.8,20594.2,21038.1,20561.9,276540.0,1.05,,,,,,,,,,,,,,,,,,,
20626.3,20809.4,20922.3,20522.5,207630.0,-0.88,,,,,,,,,,,,,,,,,,,
20496.3,20626.0,20822.4,20260.0,327470.0,-0.63,,,,,,,,,,,,,,,,,,,
20483.5,20496.1,20676.6,20348.1,302720.0,-0.06,,,,,,,,,,,,,,,,,,,
20154.4,20482.9,20778.3,20065.8,420230.0,-1.61,,,,,,,,,,,,,,,,,,,
20206.4,20154.0,20384.5,20066.6,347230.0,0.26,,,,,,,,,,,,,,,,,,,
21145.9,20206.4,21281.9,20184.6,499500.0,4.65,,,,,,,,,,,,,,,,,,,
21301.6,21145.7,21464.7,21084.1,261230.00000000003,0.74,,,,,,,,,,,,,,,,,,,21301.6
20916.3,21298.7,21360.4,20901.0,242260.0,-1.81,,,,,,,,,,,,,,,,,,,
20589.0,20916.3,21055.4,20410.5,414240.0,-1.56,,,,,,,,,,,,,,,,,,,
18527.4,20589.0,20667.5,17260.0,865100.0,-10.01,,,,,,,,,,,,,,,,,,,
15886.9,18538.9,18583.8,15603.3,869570.0,-14.25,,,,,,,,,,,,,,,,,,,
17589.1,15887.0,18138.2,15799.3,720740.0,10.71,,,,,,,,,,,,,,,,,,,
17049.9,17589.1,17679.4,16435.5,466350.0,-3.07,,,,,,,,,,,,,,,,,,,
16795.2,17049.9,17100.8,16633.9,192910.0,-1.49,,,,,,,,,,,,,,,,,,,
16324.5,16803.9,16946.5,16274.9,210800.0,-2.8,,,,,,,,,,,,,,,,,,,
16613.7,16325.0,17158.4,15834.0,442460.0,1.77,,,,,,,,,,,,,,,,,,,
16895.1,16615.0,17112.0,16543.9,337150.0,1.69,,,,,,,,,,,,,,,,,,,
16540.5,16895.4,16993.4,16408.2,295730.0,-2.1,,,,,,,,,,,,,,,,,,,
16691.2,16540.5,16739.7,16425.8,257000.0,0.91,,,,,,,,,,,,,,,,,,,
16638.3,16715.4,16846.3,16553.0,241960.0,-0.32,,,,,,,,,,,,,,,,,,,
16699.2,16652.2,16814.9,16608.9,114890.0,0.37,,,,,,,,,,,,,,,,,,,
16286.7,16699.3,16749.3,16209.2,172830.0,-2.47,,,,,,,,,,,,,,,,,,,
15776.2,16278.6,16287.9,15504.2,372150.0,-3.13,,,,,,,,,,,,,,,,,,,
16212.9,15776.6,16274.6,15620.4,287210.0,2.77,,,,,,,,,,,,,,,,,,,
16623.9,16216.9,16677.6,16162.3,305080.0,2.53,,,,,,,,,,,,,,,,,,,
16601.2,16604.9,16785.6,16472.0,229590.0,-0.14,,,,,,,,,,,,,,,,,,,
16512.3,16600.6,16611.8,16360.9,204070.0,-0.54,,,,,,,,,,,,,,,,,,,
16456.5,16512.3,16686.3,16387.9,194940.0,-0.34,,,,,,,,,,,,,,,,,,,
16425.6,16456.4,16595.4,16414.6,173250.0,-0.19,,,,,,,,,,,,,,,,,,,
16211.7,16426.1,16481.4,16013.5,284840.0,-1.3,,,,,,,,,,,,,,,,,,,
16440.4,16211.9,16531.4,16100.1,271580.0,1.41,,,,,,,,,,,,,,,,,,,
17163.9,16440.8,17215.5,16433.2,348220.0,4.4,,,,,,,,,,,,,,,,,,,
16972.0,17163.4,17244.7,16868.9,266140.0,-1.12,,,,,,,,,,,,,,,,,,,
17093.6,16972.2,17096.2,16799.9,227010.0,0.72,,,,,,,,,,,,,,,,,,,
16884.5,17093.4,17132.6,16862.1,169290.0,-1.22,,,,,,,,,,,,,,,,,,,
17112.6,16884.8,17198.1,16881.6,197120.0,1.35,,,,,,,,,,,,,,,,,,,
16966.5,17106.9,17395.2,16886.9,268720.0,-0.85,,,,,,,,,,,,,,,,,,,
17089.3,16966.3,17101.1,16914.9,246190.0,0.72,,,,,,,,,,,,,,,,,,,
16835.2,17089.4,17126.7,16715.3,244360.0,-1.49,,,,,,,,,,,,,,,,,,,
17225.7,16835.2,17294.2,16765.8,261640.0,2.32,,,,,,,,,,,,,,,,,,,
17125.7,17225.6,17288.6,17082.1,260839.99999999997,-0.58,,,,,,,,,,,,,,,,,,,
17127.2,17125.7,17220.5,17105.7,148810.0,0.01,,,,,,,,,,,,,,,,,,,
17093.3,17127.0,17262.9,17080.6,167200.0,-0.2,,,,,,,,,,,,,,,,,,,
17210.4,17093.2,17232.5,16878.5,249390.0,0.68,,,,,,,,,,,,,,,,,,,
17778.6,17210.9,17951.6,17094.5,328710.0,3.3,,,,,,,,,,,,,,,,,,,
17796.4,17778.6,18351.8,17682.1,318980.0,0.1,,,,,,,,,,,,,,,,,,,
17356.1,17796.4,17846.1,17298.2,263440.0,-2.47,,,,,,,,,,,,,,,,,,,
16629.6,17356.7,17518.5,16542.4,303560.0,-4.19,,,,,,,,,,,,,,,,,,,
16777.1,16629.0,16794.4,16587.0,164490.0,0.89,,,,,,,,,,,,,,,,,,,
16741.1,16777.0,16825.7,16666.5,124290.0,-0.21,,,,,,,,,,,,,,,,,,,
16441.3,16741.1,16809.5,16331.2,207930.0,-1.79,,,,,,,,,,,,,,,,,,,
16902.8,16441.3,17031.3,16400.7,284570.0,2.81,,,,,,,,,,,,,,,,,,,
16831.8,16902.7,16919.4,16735.0,174340.0,-0.42,,,,,,,,,,,,,,,,,,,
16820.6,16831.8,16862.2,16566.1,198280.0,-0.07,,,,,,,,,,,,,,,,,,,
16779.1,16820.5,16910.7,16768.0,184120.0,-0.25,,,,,,,,,,,,,,,,,,,
16837.2,16778.6,16855.8,16777.8,110120.0,0.35,,,,,,,,,,,,,,,,,,,
16831.8,16835.7,16852.9,16733.0,132890.0,-0.03,,,,,,,,,,,,,,,,,,,
16918.1,16831.8,16936.1,16799.4,133360.0,0.51,,,,,,,,,,,,,,,,,,,
16706.1,16918.2,16964.0,16610.1,192180.0,-1.25,,,,,,,,,,,,,,,,,,,
16546.2,16705.9,16781.1,16474.2,217960.0,-0.96,,,,,,,,,,,,,,,,,,,
16636.4,16546.2,16659.1,16496.6,181470.0,0.55,,,,,,,,,,,,,,,,,,,
16607.2,16636.4,16644.4,16360.0,192760.0,-0.18,,,,,,,,,,,,,,,,,,,
16537.4,16607.2,16635.9,16487.3,130440.0,-0.42,,,,,,,,,,,,,,,,,,,
16618.4,16537.5,16621.9,16499.7,107840.0,0.49,,,,,,,,,,,,,,,,,,,
16674.3,16618.4,16766.9,16551.0,136030.0,0.34,,,,,,,,,,,,,,,,,,,
16674.2,16673.1,16773.2,16607.2,178730.0,-0.0,,,,,,,,,,,,,,,,,,,
16852.1,16674.2,16976.5,16656.5,247390.0,1.07,,,,,,,,,,,,,,,,,,,
16829.8,16852.2,16877.9,16772.3,178960.0,-0.13,,,,,,,,,,,,,,,,,,,
16950.9,16829.8,17012.3,16707.6,233470.0,0.72,,,,,,,,,,,,,,,,,,,
16943.6,16950.9,16979.6,16909.7,110480.0,-0.04,,,,,,,,,,,,,,,,,,,
17119.0,16943.6,17119.0,16913.8,144840.0,1.04,,,,,,,,,,,,,,,,,,,
17180.1,17119.0,17390.8,17107.1,301240.0,0.36,,,,,,,,,,,,,,,,,,,
17439.1,17180.1,17491.0,17151.7,247140.0,1.51,,,,,,,,,,,,,,,,,,,
17942.3,17440.5,17989.8,17323.9,291530.0,2.89,,,,,,,,,,,,,,,,,,,
18851.3,17941.0,19055.3,17915.5,522010.0,5.07,2023-01-12,105.20575163885952,159.0,75.62824648,393.0,72.0,18851.3,17941.0,19055.3,17915.5,522010.0,5.07,20360.1,21014.230000000003,22014.105000000003,390030.0,368105.0,337502.0,
19927.0,18850.8,19981.6,18723.8,426670.0,5.71,2023-01-13,67.44428921490908,240.0,44.36740684,286.0,58.0,19927.0,18850.8,19981.6,18723.8,426670.0,5.71,20817.26,21399.88,22257.82,347636.0,343968.0,328060.5,
20958.2,19926.9,21185.6,19898.6,458210.0,5.17,2023-01-14,203.5656905323267,650.0,0.0,562.0,111.0,20958.2,19926.9,21185.6,19898.6,458210.0,5.17,20965.98,21698.73,22432.85,340036.0,334086.0,325870.0,20958.2
20879.8,20956.0,21032.2,20585.7,205800.0,-0.37,,,,,,,,,,,,,,,,,,,
21184.2,20880.1,21416.8,20698.9,337460.0,1.46,,,,,,,,,,,,,,,,,,,
21137.1,21184.4,21506.4,20926.2,310040.0,-0.22,,,,,,,,,,,,,,,,,,,
20670.6,21137.1,21584.1,20448.3,388670.0,-2.21,,,,,,,,,,,,,,,,,,,
21081.2,20670.6,21169.4,20669.7,275760.0,1.99,,,,,,,,,,,,,,,,,,,
22677.2,21074.9,22718.5,20879.3,373740.0,7.57,,,,,,,,,,,,,,,,,,,22677.2
22775.7,22677.5,23304.5,22461.1,382690.0,0.43,,,,,,,,,,,,,,,,,,,
22707.8,22775.7,23068.7,22323.0,280640.0,-0.3,,,,,,,,,,,,,,,,,,,
22915.5,22709.0,23161.8,22527.9,327850.0,0.91,,,,,,,,,,,,,,,,,,,
22632.5,22916.3,23156.1,22517.1,334170.0,-1.23,,,,,,,,,,,,,,,,,,,
23055.1,22632.5,23779.0,22366.3,388180.0,1.87,,,,,,,,,,,,,,,,,,,23055.1
23016.0,23055.2,23259.5,22869.0,320970.0,-0.17,,,,,,,,,,,,,,,,,,,
23074.6,23016.0,23480.3,22602.9,310360.0,0.25,,,,,,,,,,,,,,,,,,,
23027.9,23074.6,23182.3,22889.8,156960.0,-0.2,,,,,,,,,,,,,,,,,,,
23753.1,23023.5,23952.9,22973.3,320860.0,3.15,,,,,,,,,,,,,,,,,,,
22832.2,23746.0,23794.0,22560.0,339620.0,-3.88,,,,,,,,,,,,,,,,,,,
23125.1,22832.2,23262.9,22724.9,289380.0,1.28,,,,,,,,,,,,,,,,,,,
23725.6,23124.7,23784.5,22809.6,333180.0,2.6,,,,,,,,,,,,,,,,,,,
23427.6,23726.2,24207.2,23398.1,382860.0,-1.26,,,,,,,,,,,,,,,,,,,
23431.2,23429.1,23694.1,23233.8,349360.0,0.02,,,,,,,,,,,,,,,,,,,
23323.8,23431.2,23571.8,23269.8,170270.0,-0.46,,,,,,,,,,,,,,,,,,,
22936.0,23326.9,23423.4,22766.5,217260.0,-1.66,,,,,,,,,,,,,,,,,,,
22761.8,22936.0,23130.6,22633.7,278580.0,-0.76,,,,,,,,,,,,,,,,,,,
23251.7,22761.8,23338.8,22748.2,318980.0,2.15,,,,,,,,,,,,,,,,,,,
22964.6,23251.7,23425.1,22691.7,289120.0,-1.23,,,,,,,,,,,,,,,,,,,
21792.5,22964.6,23003.6,21744.6,425440.0,-5.1,2023-02-09,22.53018803615123,160.0,0.0,263.0,70.0,21792.5,22964.6,23003.6,21744.6,425440.0,-5.1,21769.340000000004,22811.76,23318.725,296798.0,349603.0,336678.5,
21635.0,21792.5,21933.6,21491.7,352790.0,-0.72,2023-02-10,59.54471366945654,220.0,0.0,453.0,80.0,21635.0,21792.5,21933.6,21491.7,352790.0,-0.72,21850.54,23062.8,23411.21,287388.0,338323.0,331845.0,
21859.8,21627.4,21902.9,21605.3,182070.0,1.04,,,,,,,,,,,,,,,,,,,
21786.8,21859.9,22080.7,21653.1,211650.0,-0.33,,,,,,,,,,,,,,,,,,,
21772.6,21782.7,21887.5,21418.7,312040.0,-0.07,,,,,,,,,,,,,,,,,,,
22198.5,21776.9,22308.6,21556.2,378390.0,1.96,,,,,,,,,,,,,,,,,,,
24327.9,22198.5,24330.9,22050.8,401530.0,9.59,,,,,,,,,,,,,,,,,,,24327.9
23539.6,24328.1,25233.8,23525.9,484500.0,-3.24,,,,,,,,,,,,,,,,,,,
24573.5,23538.2,24984.7,23373.0,523850.0,4.39,,,,,,,,,,,,,,,,,,,
24631.4,24573.5,24838.9,24457.0,223770.0,0.24,,,,,,,,,,,,,,,,,,,
24302.9,24631.3,25175.2,24273.7,312640.0,-1.33,,,,,,,,,,,,,,,,,,,
24839.5,24302.8,25085.4,23868.6,363020.0,2.21,,,,,,,,,,,,,,,,,,,
24450.7,24839.5,25236.8,24160.8,395970.0,-1.57,,,,,,,,,,,,,,,,,,,
24186.6,24450.7,24474.3,23593.4,400240.0,-1.08,,,,,,,,,,,,,,,,,,,
23936.3,24186.6,24590.4,23637.9,417460.0,-1.03,,,,,,,,,,,,,,,,,,,
23191.5,23936.4,24123.4,22970.3,367990.0,-3.11,,,,,,,,,,,,,,,,,,,
23166.1,23191.3,23215.3,22777.4,198350.0,-0.11,,,,,,,,,,,,,,,,,,,
23558.7,23166.1,23671.8,23066.0,209120.0,1.69,,,,,,,,,,,,,,,,,,,
23494.1,23558.7,23876.2,23166.8,297650.0,-0.27,,,,,,,,,,,,,,,,,,,
23130.5,23494.0,23595.0,23033.8,275100.0,-1.55,,,,,,,,,,,,,,,,,,,
23642.2,23130.6,23914.1,23025.3,328770.0,2.21,,,,,,,,,,,,,,,,,,,
23465.4,23642.2,23780.5,23208.7,249260.0,-0.75,,,,,,,,,,,,,,,,,,,
22354.4,23465.6,23473.4,22051.9,344630.0,-4.73,,,,,,,,,,,,,,,,,,,
22347.1,22354.7,22403.7,22167.4,123930.0,-0.03,,,,,,,,,,,,,,,,,,,
22428.3,22347.1,22636.7,22213.5,160570.0,0.36,,,,,,,,,,,,,,,,,,,
22410.0,22428.2,22595.4,22320.1,215310.0,-0.08,,,,,,,,,,,,,,,,,,,
22197.8,22410.1,22535.1,21968.6,304750.0,-0.95,,,,,,,,,,,,,,,,,,,
21710.8,22197.8,22274.3,21661.3,316510.0,-2.19,,,,,,,,,,,,,,,,,,,
20361.8,21710.8,21826.5,20079.6,468760.0,-6.21,,,,,,,,,,,,,,,,,,,
20156.7,20362.0,20362.6,19591.8,655270.0,-1.01,2023-03-10,404.9515288325492,1257.0,0.0,391.0,101.0,20156.7,20362.0,20362.6,19591.8,655270.0,-1.01,22286.620000000003,24298.49,26002.275,610222.0,558870.0,374747.5,
20467.5,20156.5,20669.5,19796.7,453460.0,1.54,,,,,,,,,,,,,,,,,,,
21994.8,20465.0,22028.6,20294.2,455690.0,7.46,,,,,,,,,,,,,,,,,,,
24114.4,21994.8,24406.2,21859.6,733630.0,9.64,,,,,,,,,,,,,,,,,,,24114.4
24699.7,24121.5,26365.9,23994.6,753060.0,2.43,,,,,,,,,,,,,,,,,,,
24282.7,24699.6,25108.9,23932.4,614310.0,-1.69,,,,,,,,,,,,,,,,,,,
25004.1,24283.2,25139.0,24147.9,462580.0,2.97,,,,,,,,,,,,,,,,,,,
27391.8,25004.4,27742.2,24900.1,674960.0,9.55,,,,,,,,,,,,,,,,,,,
26914.5,27391.9,27659.1,26688.7,392470.0,-1.74,,,,,,,,,,,,,,,,,,,
27958.7,26914.5,28347.3,26844.6,393270.0,3.88,,,,,,,,,,,,,,,,,,,
27720.5,27958.9,28457.8,27157.0,503900.0,-0.85,,,,,,,,,,,,,,,,,,,
28114.0,27719.8,28437.8,27350.6,438780.0,1.42,,,,,,,,,,,,,,,,,,,
27261.7,28114.2,28760.3,26668.7,262029.99999999997,-3.03,,,,,,,,,,,,,,,,,,,
28310.7,27262.8,28734.1,27144.6,158460.0,3.85,,,,,,,,,,,,,,,,,,,
27462.2,28306.9,28374.5,27026.5,110360.0,-3.0,,,,,,,,,,,,,,,,,,,
27475.6,27462.2,27761.9,27176.7,61360.0,0.05,,,,,,,,,,,,,,,,,,,
27973.5,27474.9,28153.7,27429.1,60640.0,1.81,,,,,,,,,,,,,,,,,,,
27129.8,27974.8,28023.3,26611.5,107240.0,-3.02,,,,,,,,,,,,,,,,,,,
27262.2,27127.8,27465.0,26665.6,94160.0,0.49,,,,,,,,,,,,,,,,,,,
28350.4,27262.9,28627.4,27249.8,109320.0,3.99,,,,,,,,,,,,,,,,,,,
28029.5,28350.3,29160.4,27716.7,122510.0,-1.13,,,,,,,,,,,,,,,,,,,
28473.7,28029.3,28646.3,27587.5,98440.0,1.58,,,,,,,,,,,,,,,,,,,
28456.1,28473.7,28795.1,28285.6,38090.0,-0.06,,,,,,,,,,,,,,,,,,,
